5.14698e+23,1.06001e+22,3.57194e+19,4.37872e+24,3.29873e+25,4.21894e+25,5.67311e+23,4.17415e+27,8.14256e+22,1.41797e+23,4.64708e+22,3.66118e+19,7.75877e+20,6.48637e+16,4.21404e+21,1.97845e+21,8.57902e+20,3.13947e+20,3.49136e+17,1.15237e+21,1.7103e+19,3.84659e+18,2.06372e+22,1.3076e+19,1.88554e+20,2.54844e+17,2.33477e+17,3.1089e+20,4.34477e+19,4.70382e+18,4.33001e+18,6.09036e+15,4.5046e+19,7.15688e+16,5.87678e+18,4.83432e+14,2.50593e+16,2.49734e+19,1.07165e+14,3.30601e+18,1.73044e+18,7.49304e+17,5.22116e+17,8.42273e+18,3.20863e+18,4.49867e+19,1.83569e+17,7.00972e+18,3.70264e+16,2.11618e+15,1.40376e+12,1.09095e+18,7.43576e+18,1.06806e+18,4.89181e+18,3.8861e+17,4.19273e+14,1.13388e+18,7.30811e+18,4.29563e+16,2.17405e+18,1.0699e+19,8.47318e+19,1.91501e+14,4.98149e+18,1.88131e+17,8.21423e+19,1.08036e+21,1.61398e+18,3.52326e+22,8.01422e+21,6.60936e+19,1.03481e+17,4.97552e+15,6.9525e+17,6.4645e+17,9.23244e+18,2.11393e+21,3.3915e+12,3.34686e+22,5.87961e+20,4.31144e+21,2.77172e+18,2.84558e+21,2.15653e+25,8.6269e+27,1.44354e+26,1.53846e+24,7.04421e+25,1.78518e+19,3.60398e+21,2.56467e+24,5.70754e-315,0,0,4.11557e-321,0,0,0,0,0,0,0,4.66486e-310,-3.42217e+22,-1.29913e+20,-7.22714e+10,-1.32665e+23,-1.00816e+24,-3.94726e+23,3.7082e+21,9.2211e+24,-1.76441e+17,-1.11214e+21,-3.5139e+22,-7.51876e+17,1.93495e+19,-1.51983e+16,-3.69914e+21,-5.356e+20,-20250,-3.09038e+20,-8.84331e+16,-5.18964e+20,1.41051e+19,-7.22572e+13,-1.85025e+22,-6.96801e+14,-6.46533e+15,3.88707e+12,9.84639e+16,-2.36216e+20,-3.07966e+18,-3.37387e+14,-6.08082e+15,5.77026e+15,-2.34767e+17,-2.59737e+11,1.76182e+17,4.02591e+12,-1.47879e+14,-6.5728e+16,2.50025e+13,5.76372e+17,8.92403e+17,-6.03858e+15,4.79952e+15,6.33829e+17,4.36405e+17,4.27029e+16,-1.89948e+11,3.44755e+18,1.67656e+12,1.12541e+15,1.31943e+12,2.55828e+15,2.99823e+18,9.22766e+17,435.242,-7.6986e+16,-8.71353e+13,1.59665e+15,4.71784e+17,5.81065e+14,1.36301e+18,-7.80803e+17,1.10572e+15,7.96921e+13,3.78e+09,1.59153e+17,-7.48545e+14,-9.57099e+20,-2.48356e+07,1.26876e+18,-4.73451e+21,5.2204e+07,2.219e+15,2.61868e+08,1.11261e+11,-1.79082e+16,2.73961e+17,8.35849e+18,-3.23185e+08,-1.11251e+19,-2.60268e+20
4.89902e+24,9.65537e+21,9.83195e+24,3.25118e+24,5.11787e+22,1.47323e+27,2.53353e+26,3.38708e+28,2.16243e+22,1.5423e+22,1.22964e+12,6.82452e+23,5.91345e+22,1.56407e+20,3.96437e+21,1.02696e+20,4.59272e+19,1.7826e+22,8.39622e+17,4.53564e+21,1.74606e+19,5.76369e+18,3.05175e+21,2.09196e+22,6.40534e+17,5.13163e+15,1.76875e+16,3.91049e+21,6.37682e+19,1.81169e+17,1.1373e+20,1.35057e+20,1.22841e+18,1.50953e+16,1.25209e+20,5.35441e+17,4.38157e+17,2.48206e+17,1.33239e+18,4.96191e+18,8.6843e+18,3.57532e+18,1.94807e+17,1.0111e+16,8.06543e+18,1.1623e+17,6.34851e+20,2.78954e+15,6.38299e+16,3.68198e+18,2.86041e+19,7.94203e+18,1.54785e+19,8.37649e+17,1.27785e+16,1.58031e+15,1.60142e+19,7.78349e+18,9.43625e+14,5.64407e+13,2.69094e+17,4.1007e+12,6.97153e+15,1.45506e+20,1.77167e+15,1.98004e+16,4.64504e+16,1.45257e+19,3.67331e+19,6.78498e+15,1.68962e+13,1.20193e+18,2.97522e+19,1.12288e+14,3.21226e+19,5.07797e+12,3.1604e+14,1.41886e+16,3.0539e+20,2.07028e+20,8.24032e+18,6.19101e+16,6.05701e+19,2.18187e+21,8.15792e+20,2.77516e+22,2.07939e+23,3.91764e+19,2.26715e+22,8.87309e+20,1.17324e+21,2.20122e+15,6.20826e+22,4.0269e+25,1.91477e+27,9.34999e+24,1.79468e+23,5.391e+26,8.9675e+22,8.981e+24,9.64317e+24,1.31943e+12,6.03857e+15,2.55828e+15,-8.92403e+17,2.99823e+18,-5.76372e+17,3.32506e-321,6.91058e-310,6.91058e-310,6.5728e+16,-7.6986e+16,1.47879e+14,-8.71353e+13,-4.02591e+12,1.59665e+15,-1.76182e+17,4.71784e+17,2.59737e+11,5.81065e+14,2.34767e+17,1.36301e+18,-5.77026e+15,-7.80802e+17,6.08082e+15,1.10573e+15,3.37387e+14,7.96921e+13,3.07966e+18,3.78e+09,2.36216e+20,1.59153e+17,-9.84639e+16,-7.48545e+14,-3.88707e+12,-9.57098e+20,6.46533e+15,-2.48356e+07,6.96801e+14,1.26876e+18,1.85025e+22,-4.73451e+21,7.22572e+13,5.2204e+07,-1.41051e+19,2.219e+15,5.18964e+20,2.61868e+08,8.84331e+16,1.11261e+11,3.09038e+20,-1.79082e+16,20250,2.73962e+17,5.356e+20,8.3585e+18,3.69914e+21,-3.23185e+08,1.51983e+16,-1.11251e+19,-1.93495e+19,-2.60268e+20,7.51876e+17,1.08131e+17,3.5139e+22,2.19792e+18,1.11214e+21,-2.03049e+21,1.76441e+17,1.90895e+25,-9.2211e+24,7.49199e+25,-3.7082e+21,-7.93652e+19,3.94726e+23,9.82446e+23,1.00816e+24,3.52176e+23,1.32665e+23,1.10345e+11,7.22714e+10,-7.00392e+20,1.29913e+20,1.24794e+22,3.42217e+22,0,0,0,0,0,3.32012e-321,4.11063e-321,4.95396e+16,9.57015e+15,4.22213e+15,6.68503e+14,8.58994e+09,0,0,0,0,0,1.01331e+16
1.47511e+23,2.1928e+26,2.35812e+24,1.39621e+25,4.92191e+26,3.87309e+26,2.46255e+25,7.22397e+28,9.40928e+24,8.04595e+23,9.69802e+20,6.25205e+21,4.11047e+18,1.12992e+21,2.339e+20,8.55794e+18,2.3118e+18,2.14823e+20,1.29943e+18,5.95844e+15,8.79634e+16,1.01216e+22,7.32803e+22,4.16311e+19,1.02964e+20,2.5665e+20,3.89459e+20,1.07359e+17,4.97069e+17,5.03073e+17,2.23377e+20,1.71197e+21,2.29387e+18,4.15103e+15,4.7108e+17,4.8509e+16,7.93154e+14,1.4766e+16,1.51197e+18,2.11063e+18,1.92447e+17,1.30237e+20,1.7176e+18,2.0273e+15,1.24035e+19,1.57897e+19,5.79069e+19,1.51223e+17,2.0271e+17,3.39222e+16,5.37844e+20,4.0372e+18,3.51127e+18,3.6268e+14,4.68551e+21,3.6268e+14,3.51127e+18,4.0372e+18,5.37844e+20,3.39222e+16,2.0271e+17,1.51223e+17,5.79069e+19,1.57897e+19,1.24035e+19,2.0273e+15,1.7176e+18,1.30237e+20,1.92447e+17,2.11063e+18,1.51197e+18,1.4766e+16,7.93154e+14,4.8509e+16,4.7108e+17,4.15103e+15,2.29387e+18,1.71197e+21,2.23377e+20,5.03073e+17,4.97069e+17,1.07359e+17,3.89459e+20,2.5665e+20,1.02964e+20,4.16311e+19,7.32803e+22,1.01216e+22,8.79634e+16,5.95844e+15,1.29943e+18,2.14823e+20,2.3118e+18,8.55794e+18,2.339e+20,1.12992e+21,4.11047e+18,6.25205e+21,9.69802e+20,8.04595e+23,9.40928e+24,7.22397e+28,2.46255e+25,3.87309e+26,4.92191e+26,1.39621e+25,2.35812e+24,2.1928e+26,1.47511e+23,3.51905e+15,2.56478e+17,-1.92025e+14,-5.42142e+16,-5.4027e+17,4.01596e+18,-1.21183e+11,-9.24414e+15,3.72031e-321,6.91058e-310,6.91058e-310,2.85893e+16,3.86272e+16,-3.73861e+17,-2.82393e+12,-6.68481e+14,9.17546e+13,-1.00835e+18,1.64415e+13,-2.25266e+17,3.09903e+13,-5.24834e+13,-5.62748e+15,4.97034e+17,4.89853e+15,-4.48599e+19,-7.6716e+14,2.10189e+13,8.03719e+11,4.9162e+17,-9.59035e+14,1.3326e+20,-4.67388e+08,1.84479e+18,1.92551e+17,2.06697e+16,1.56517e+18,-6.15936e+14,-1.21127e+09,7.62848e+14,1.98379e+14,1.16559e+15,1.70028e+10,-5.67178e+08,-3.09155e+12,1.46158e+17,8.01376e+12,-1.92285e+22,2.51737e+17,9.18632e+09,2.06381e+20,-9.14979e+17,6.16932e+11,1.52566e+18,-6.14017e+16,-5.37485e+14,2.00807e+19,4.76091e+17,-5.28018e+20,-1.18406e+22,-6.76755e+19,-3.62406e+08,-2.50193e+16,-3.64317e+17,-1.72738e+22,-1.03735e+21,-1.01974e+18,-2.64189e+16,-4.87208e+21,-4.44776e+22,-3.48217e+20,3.89114e+22,1.04796e+20,-6.67789e+09,-5.64251e+14,3.97631e+20,3.37171e+22,9.94021e+18,-2.61228e+21,1.43198e+28,-1.00368e+27,-4.45119e+25,9.16009e+23,1.18891e+27,1.79152e+23,-1.50232e+18,-3.03953e+24,-1.73045e+21,-1.36475e+22,-4.62735e+23,3.93065e+18,-5.04203e+17,6.70843e+24,4.0516e+24,0,0,0,0,0,0,0,3.71537e-321,4.42683e-321,0,4.66486e-310,4.66486e-310,4.66486e-310,-4.0516e+24,5.04203e+17
7.4288e+25,3.17167e+24,2.15548e+26,2.43526e+24,2.79806e+25,1.86689e+26,3.07392e+26,1.48513e+28,6.52009e+25,4.32382e+21,3.84851e+20,3.33895e+22,2.08999e+20,2.73013e+21,2.98158e+16,1.54034e+22,4.48461e+20,6.4683e+18,8.48081e+20,2.66523e+18,6.26727e+20,1.24137e+18,1.72353e+22,3.13365e+23,2.2237e+19,6.95727e+21,3.34986e+16,1.50101e+20,3.18052e+16,2.44298e+16,3.14757e+22,5.33298e+20,1.02087e+18,3.99399e+18,1.32677e+17,2.68658e+17,1.13069e+20,8.74363e+18,1.55675e+21,1.75913e+16,1.23276e+18,5.42248e+19,1.81161e+17,5.63902e+15,3.70752e+20,6.88181e+19,5.46477e+19,6.50095e+15,8.77318e+18,2.40916e+20,2.5019e+17,5.50225e+16,7.04412e+14,3.10487e+20,4.92682e+16,4.61029e+16,1.59048e+17,8.00667e+16,3.5697e+17,3.33591e+17,6.19093e+19,2.54824e+17,2.53748e+20,5.19242e+14,8.26032e+16,1.16487e+18,2.88289e+19,6.82251e+18,1.23959e+21,1.45871e+16,1.52758e+15,1.572e+16,6.21658e+18,1.68452e+17,6.67161e+18,4.61888e+19,6.50098e+19,5.93694e+18,1.23684e+21,1.26699e+17,1.6047e+18,4.2002e+16,2.03426e+18,3.75916e+12,1.45237e+20,2.14501e+18,5.29451e+19,1.44596e+15,4.48528e+16,9.16931e+17,2.80549e+16,4.86662e+18,1.57391e+22,1.2701e+21,1.2484e+22,2.60109e+20,4.98586e+18,1.52342e+22,1.03047e+21,1.47616e+23,6.49559e+19,1.39943e+18,2.43839e+17,3.51973e+23,4.14661e+20,1.2359e+21,2.71784e+20,5.87975e+27,3.93049e+28,2.13479e+26,3.01629e+25,2.3649e+23,1.71576e+25,7.68384e+25,8.27655e+22,-186.078,4.13032e+12,-7.15429e+19,-6.78154e+13,3.24752e+16,4.5215e+15,4.03652e-321,6.91058e-310,6.91058e-310,-5.17448e+07,-7.35079e+18,1.08112e+16,-1.55456e+15,2.59717e+15,-5.20023e+18,-5.53611e+13,1.6113e+10,-3.58695e+18,-1.01613e+12,1.88151e+15,-2.87001e+19,-2.00211e+19,1.52713e+17,5.27108e+15,-4.85822e+17,6.03426e+15,-2.2602e+12,5.83444e+15,5.11752e+15,1.78397e+21,6.29902e+13,1.53494e+15,8.99988e+12,-9.86046e+13,-9.25495e+16,-3.96136e+08,5.67703e+11,-8.97372e+15,-1.01289e+18,-8.7932e+20,-2.60801e+12,2.23592e+18,3.26131e+08,2.3224e+12,4.71572e+13,3.25831e+13,-8.8768e+14,4.60182e+17,-8.16486e+14,-4.63825e+10,-2.4207e+20,6.02818e+15,-2.49759e+20,-5.31003e+17,4.49902e+18,1.32286e+20,1.06435e+15,2.03859e+22,-1.94173e+21,1.43215e+23,8.69125e+21,-2.49227e+19,-1.24085e+16,1.34953e+20,4.12101e+14,-2.10607e+20,6.88002e+16,5.34674e+19,-5.4769e+14,1.29703e+12,4.53666e+17,-1.20851e+16,2.45601e+18,-4.12788e+19,-1.98696e+18,-7.93496e+22,-9.09588e+20,1.17555e+18,-4.07574e+17,5.99006e+09,7.89533e+20,6.75215e+17,-2.20509e+15,2.19286e+22,7.17899e+23,3.56117e+22,3.59738e+24,-5.90165e+25,4.89133e+26,-1.01746e+27,-8.19772e+20,1.10075e+26,1.22759e+26,-1.64454e+22,-1.76583e+25,-2.36326e+22,3.41339e+22,1.16253e+21,-1.06269e+18,-3.95981e+24,-2.03728e+26,-5.36583e+20,-3.8479e+21,0,0,0,0,4.03158e-321,4.74303e-321,0,4.66486e-310,4.66486e-310,0,0,4.62595e-312,4.24399e-314
2.67934e+24,2.076e+27,3.89838e+24,3.04341e+22,1.33248e+23,4.50686e+18,2.12811e+27,3.56454e+26,7.80191e+24,1.66151e+23,4.96942e+22,1.25443e+20,4.75011e+19,3.42921e+22,2.2462e+19,2.68984e+17,1.01748e+22,1.12219e+21,3.92201e+20,8.52739e+21,4.02295e+20,5.9881e+07,6.10855e+19,5.94567e+23,2.08104e+21,6.87002e+19,1.40568e+18,4.82795e+19,7.38547e+11,3.11099e+16,3.66135e+21,7.21571e+19,1.2759e+20,4.49826e+18,5.23471e+19,6.61625e+16,4.29347e+21,1.97133e+17,1.39007e+20,8.35251e+17,2.02951e+20,7.89165e+18,1.2318e+18,1.02618e+17,1.90153e+06,3.85047e+17,6.78342e+19,4.11476e+16,2.2664e+19,9.09789e+16,4.09459e+19,6.91991e+13,1.28808e+19,8.52506e+15,7.44825e+20,9.66315e+17,4.65315e+18,8.56953e+14,3.52215e+18,8.99731e+18,4.19232e+18,6.42618e+15,1.35013e+11,1.56479e+19,1.40247e+18,2.08939e+16,3.82323e+18,3.47216e+19,5.87811e+15,2.68693e+15,1.01481e+19,2.01025e+19,6.82059e+12,1.712e+20,3.71412e+18,7.89644e+14,5.65816e+18,2.52486e+15,1.18244e+20,3.28464e+18,2.21287e+17,3.75857e+19,2.2367e+18,1.79536e+18,3.51989e+17,1.35399e+16,1.20711e+21,3.10496e+16,7.29763e+19,1.6771e+21,1.01139e+18,1.16726e+21,4.4542e+20,9.29315e+19,7.14309e+14,7.02266e+16,1.80718e+23,7.20604e+22,1.28798e+21,9.952e+21,6.24142e+21,3.86599e+19,6.59656e+23,2.19545e+21,3.09872e+22,1.30746e+21,4.4877e+21,9.51284e+18,1.75212e+21,2.78128e+23,1.49578e+18,2.67296e+22,7.94455e+24,2.56387e+28,6.42314e+28,2.74912e+26,1.17506e+25,4.0829e+22,9.08318e+20,6.42051e+26,1.67933e+26,5.97548e+19,3.08915e+15,1.26054e+16,-3.01691e+18,3.78851e+17,-3.08362e+06,-1.20729e+11,-5.34549e+16,4.35272e-321,6.91058e-310,6.91058e-310,6.70836e+19,1.45091e+19,-7.78907e+18,-5.53936e+18,-172980,-4.94888e+19,5.0284e+19,-6.13927e+15,6.70873e+19,4.95894e+13,-3.59951e+20,1.244e+16,7.6955e+10,1.23348e+17,3.06874e+16,3.67847e+12,-2.39228e+18,-1.29639e+11,2.24179e+15,1.48855e+18,3.26325e+15,-1.39253e+19,-2.99408e+10,2.69845e+18,-1.41155e+15,5.46732e+19,1.61799e+18,5.11646e+15,5.7992e+16,-9.32557e+07,-2.3927e+14,-3.17065e+11,-8.76034e+13,1.02e+15,5.5043e+15,-1.18519e+09,5.28615e+20,8.08579e+14,2.23073e+18,1.66479e+18,5.85478e+10,-4.07785e+16,-2.58731e+16,-4.44143e+14,3.78737e+19,8.93454e+15,-2.77715e+16,8.78806e+17,1.97781e+21,3.9543e+12,2.33439e+17,-4.83124e+18,1.80181e+22,-5.03287e+21,3.45143e+21,-5.15271e+20,-3.1402e+17,6.92465e+21,5.55545e+20,-1.01832e+20,-1.77456e+18,3.75589e+16,1.85482e+20,3.7335e+19,7.88854e+14,-2.91656e+20,1.05253e+20,1.82641e+21,-1.10208e+21,-1.3577e+11,3.13662e+12,1.23378e+18,2.84209e+20,-2.39002e+14,1.5141e+18,2.80885e+23,1.19485e+22,1.41992e+19,2.0647e+18,1.26435e+18,3.99233e+21,-6.38494e+19,-5.30532e+23,3.21205e+27,-1.38428e+26,7.3717e+25,2.93126e+25,3.31801e+23,1.08971e+23,-2.60445e+23,-1.52577e+10,2.30774e+23,-4.09129e+22,-1.16008e+24,3.55296e+24,1.72604e+25,9.85002e+20,6.07627e+19,7.05613e+19,7.85138e-313,2.122e-314,0,4.66486e-310,1.82804e-322,0,4.66486e-310,4.34778e-321,4.98018e-321,0,4.66486e-310,4.66486e-310
2.09321e+27,4.72012e+24,2.21406e+22,2.28287e+27,1.15372e+24,1.80997e+23,4.67094e+27,2.72062e+29,1.39789e+26,1.88554e+23,5.63287e+19,1.06355e+25,1.71726e+22,6.7969e+21,6.22064e+20,9.35985e+21,8.50483e+19,9.15974e+20,1.12062e+19,6.91647e+19,1.96858e+20,1.68076e+21,2.98907e+22,1.4814e+23,7.23855e+19,1.68414e+18,5.39032e+18,1.75284e+22,3.20146e+18,6.1972e+19,7.74902e+18,1.60479e+16,9.11017e+20,2.36519e+17,3.8648e+18,2.17504e+17,4.60652e+20,8.25595e+17,3.0694e+22,1.11301e+19,4.68866e+21,8.84776e+21,3.05202e+18,6.89489e+18,6.24489e+18,2.02427e+17,9.17815e+16,7.88648e+15,7.87711e+10,3.28902e+16,5.67952e+13,6.6423e+16,7.58921e+18,7.06694e+19,2.03022e+17,5.91211e+16,1.23765e+19,3.39674e+18,2.50278e+17,2.81446e+16,3.93378e+16,1.52261e+20,1.49691e+15,3.64759e+17,4.78529e+19,7.05255e+16,3.76646e+17,4.22568e+17,2.53942e+18,9.26976e+16,1.43128e+19,2.207e+15,7.71654e+15,6.2451e+15,7.74154e+17,6.02046e+16,2.07902e+14,4.71724e+20,7.05173e+19,1.50518e+17,4.11401e+14,5.9345e+15,5.77438e+18,2.58647e+16,4.38432e+20,6.61631e+16,5.59015e+19,3.24153e+17,1.26746e+20,3.94492e+18,1.40132e+22,1.48542e+21,6.12391e+19,1.34748e+19,1.02607e+18,1.07231e+20,3.27224e+20,1.33825e+19,7.04478e+18,1.95381e+20,3.09852e+17,4.73603e+22,1.36216e+21,2.58404e+12,3.05489e+22,1.78508e+21,2.0031e+18,1.127e+18,9.17858e+22,6.37979e+19,3.09205e+22,1.18811e+22,4.13148e+21,1.35554e+22,1.84555e+25,1.27269e+23,3.05866e+25,2.04204e+27,1.31826e+26,5.93988e+23,3.98876e+24,8.45126e+24,1.69237e+25,3.58824e+20,1.86086e+24,5.76965e-315,0,0,5.37543e-321,5.38037e-321,0,0,0,0,0,4.66486e-310,-1.6768e+25,1.55106e+20,-1.31991e+22,1.70264e+13,-1.0966e+21,5.55278e+22,-1.19042e+26,-8.65724e+25,-1.36189e+26,-1.7053e+21,5.56871e+19,-1.2639e+23,-3.56047e+20,-9.53102e+17,-4.27994e+20,6.28437e+19,-1.86663e+18,-9.15525e+20,-9.43135e+12,4.16256e+18,-6.38894e+19,1.44053e+18,-1.33609e+19,8.22641e+22,7.10994e+19,-6.92683e+17,3.86686e+18,-1.80867e+15,1.99132e+13,-6.69776e+15,-6.0457e+18,-4.25989e+15,-4.33623e+20,-1.17337e+15,-5.04238e+17,2.47413e+13,6.48967e+12,3.66676e+15,-3.02311e+22,3.34971e+16,2.57871e+21,-2.13802e+21,-2.66267e+16,-7.53331e+17,-9.34197e+17,1.05796e+16,-8.48032e+15,3.17894e+13,7.75192e+10,-3.02702e+16,1.12357e+13,-2.14185e+13,-7.36832e+17,3.0864e+19,-1.97933e+15,-5.80164e+16,-1.66048e+09,-3.31162e+18,-1.50569e+13,-3.33164e+10,1.75771e+10,1.12933e+19,-4.21226e+12,-2.51766e+16,4.38309e+18,2.76288e+15,-4.89692e+14,-1.59578e+17,-1.04993e+18,3.29238e+12,8.92965e+15,-4.20839e+14,-8.03757e+14,-2.02673e+14,1.20607e+16,1.14662e+15,-1.53357e+14,4.63536e+17,-3.14264e+16,2.44695e+13,3.22951e+12,-3.47827e+10,-3.26232e+16,2.57113e+16,1.89163e+15,-7.28084e+12,9.94239e+07,7.40841e+16,-2.52689e+15,4.2378e+17,1.38572e+22,-4.80044e+17,-4.24737e+19,-3.71308e+17,-3.42309e+17,5.05857e+19,2.91885e+20,1.04019e+19,-4.50843e+18,6.49943e+18,2.59201e+17,2.84686e+22,1.29647e+21,1.91445e+12,2.3352e+22,-2.51816e+20,-1.58832e+13,-2.8578e+17,4.63764e+16,5.18985e+18,2.56578e+22,7.49193e+21,-3.74042e+21,-2.56198e+14,2.34727e+24
4.14702e+22,2.52563e+26,1.31858e+26,6.96658e+26,9.67306e+27,4.0065e+23,5.96078e+24,9.59009e+28,5.11425e+26,2.76889e+24,3.0159e+23,6.16524e+20,7.49328e+22,6.50494e+19,8.67324e+17,6.01341e+18,3.88901e+21,4.94152e+22,1.35617e+20,2.87318e+18,2.11435e+16,1.04713e+16,8.263e+19,1.33292e+22,5.97675e+20,1.28357e+15,3.46822e+21,3.9488e+18,3.37302e+16,9.18128e+19,7.74965e+16,1.15257e+22,7.43386e+21,1.374e+17,1.90231e+20,2.62574e+19,3.62561e+19,1.51653e+20,5.75156e+17,2.57949e+16,1.03711e+18,2.09733e+17,8.05764e+20,1.33201e+20,1.19212e+19,4.55401e+19,1.67519e+15,4.7889e+19,9.04644e+20,1.73396e+20,2.6819e+19,9.24094e+14,6.33648e+15,8.15425e+19,5.26409e+17,6.54377e+19,1.28972e+15,2.05582e+17,2.33836e+15,2.20089e+19,2.94551e+18,1.40594e+17,1.89809e+18,8.09826e+17,1.33491e+20,1.05645e+16,4.31952e+15,3.2758e+14,2.47702e+15,1.89992e+17,2.84769e+16,7.39888e+17,2.0297e+10,3.07515e+18,2.29265e+20,1.38701e+15,3.93268e+15,2.15694e+17,3.81796e+19,5.26873e+19,7.79787e+17,4.08418e+18,5.56525e+17,9.52986e+18,2.17121e+16,1.04023e+21,2.21746e+18,1.56632e+18,2.1549e+16,5.40743e+19,3.16063e+18,2.8587e+20,1.07153e+20,5.87744e+18,1.3299e+19,1.05149e+20,5.3016e+19,9.18027e+17,9.74231e+19,2.43937e+20,2.95106e+18,2.04046e+19,2.01204e+16,6.68763e+19,3.16607e+21,4.68062e+16,2.54958e+22,2.17219e+21,1.43659e+15,2.0762e+20,4.45062e+18,3.79529e+19,2.12031e+20,7.04018e+19,1.06873e+22,3.73499e+21,1.41519e+21,2.75049e+13,1.9367e+14,5.32785e+24,2.56285e+28,8.98582e+25,2.71793e+26,2.34737e+25,1.41042e+23,2.87217e+28,7.4089e+26,3.27858e+26,-1.03472e-19,-1.72766e-16,4.66486e-310,4.66486e-310,5.52261e-22,-7.29968e-24,5.53354e-321,5.53848e-321,1.13196e-72,4.68787e-35,4.66486e-310,4.66486e-310,5.52258e-22,4.72569e-319,4.66486e-310,4.66486e-310,-8.39809e+20,7.60143e+25,-1.25394e+26,3.48843e+25,1.24884e+27,30154.7,1.35631e+23,-1.09088e+28,-1.0749e+26,-6.87027e+23,-4.75808e+20,1.6481e+12,-3.57676e+22,-1.02019e+18,4.65903e+11,-3.61147e+17,-1.0928e+21,-9.24016e+21,2.33859e+17,2.83334e+18,5.81703e+13,-5.73306e+15,4.91653e+19,-1.24801e+22,-5.19568e+20,8.0907e+14,-4.78404e+20,-1.143e+18,-1.61642e+16,-6.3107e+19,-2.08206e+11,-8.3106e+21,-1.42509e+21,-2.17043e+16,-1.62945e+20,-8.28228e+18,-6.00595e+16,-7.40492e+19,1.52778e+16,-2.41387e+14,-1.12121e+13,-2.97292e+16,-7.83692e+20,-9.9307e+16,3.40973e+17,-2.09966e+18,-2.74306e+14,-4.08636e+11,-5.08912e+20,-3.55387e+17,-1.16607e+19,-7.73849e+14,2.4591e+10,-8.10128e+19,6.35602e+13,8.57725e+17,-3451.69,7.0414e+15,-3.66843e+09,-5.47692e+17,-3.06992e+17,-1.24582e+17,9.40854e+13,4.76652e+08,-6.91054e+19,-1.54963e+15,-1.35304e+15,-4.71311e+10,2.08871e+12,1.50299e+17,-1.72824e+15,-7.35118e+15,40251.5,-2.82553e+09,5.52061e+17,-4.02972e+13,3.71795e+15,4.21301e+15,-1.0862e+18,-1.76521e+17,3.79459e+17,4.17666e+13,4.51036e+17,-6.05723e+17,5.49125e+15,1.28046e+20,-1.37129e+13,1.45587e+18,1.2827e+16,-8.72478e+18,3.11108e+18,2.81123e+20,3.79153e+19,-1.11303e+13,-1.0564e+19,-4.16065e+19,9.18485e+17,7.69385e+17,1.97814e+16,2.43894e+20,-6.16188e+17,2.81526e+12,1.68141e+16,-3.77093e+18,-2.12533e+21,-6.50594e+11,1.27522e+22,2.10199e+20,1.01249e+15,7.46881e+09,2.45166e+17,-3.44733e+17,-5.07328e+19
7.57395e+28,1.93152e+25,2.51423e+24,1.00057e+20,1.51072e+24,9.45641e+23,1.33074e+25,1.5911e+29,2.44207e+26,2.69145e+23,1.01162e+24,5.98495e+19,3.9631e+23,7.4735e+16,7.62888e+19,3.72257e+19,4.77361e+19,5.81559e+19,2.81847e+21,1.60387e+12,7.27493e+15,1.67787e+19,2.37846e+22,5.80789e+19,4.09462e+21,1.03354e+20,3.20144e+18,8.24253e+18,1.80425e+17,3.62341e+20,2.72898e+18,4.93775e+17,1.34847e+19,4.78125e+20,5.54238e+15,4.09603e+17,2.02653e+18,2.49259e+21,8.25102e+18,8.57643e+17,4.73912e+19,8.33014e+17,4.33212e+17,2.24711e+17,1.39595e+20,3.99119e+14,7.65597e+19,7.68115e+17,1.43651e+22,4.88882e+18,8.58568e+17,2.06585e+15,5.01808e+17,9.20374e+16,2.39222e+13,3.01912e+17,2.55503e+17,1.5613e+18,4.04827e+17,2.39027e+17,3.57389e+18,3.61043e+19,2.35198e+17,5.70489e+15,8.51711e+14,1.92936e+21,3.57461e+15,7.20427e+20,8.26783e+15,9.07168e+18,1.33186e+15,4.761e+15,3.23704e+15,2.46949e+16,6.33524e+16,5.83927e+16,9.96108e+19,1.1922e+16,5.30427e+18,5.15954e+17,4.80948e+17,2.56013e+16,1.05343e+18,1.01172e+18,1.84789e+18,4.58278e+17,8.10263e+17,6.62757e+15,1.19738e+20,6.18733e+19,1.64206e+17,2.25541e+17,7.77469e+19,6.20392e+15,1.57524e+19,1.34084e+19,3.08958e+16,4.37372e+21,2.62578e+19,8.97621e+18,5.50581e+20,1.17185e+18,3.83904e+19,2.18886e+20,1.17424e+11,5.52785e+22,6.96538e+22,4.38253e+20,2.2449e+22,7.14277e+19,8.37198e+19,6.55922e+16,4.31746e+20,3.52685e+15,4.23043e+17,5.54038e+18,8.92243e+20,2.08179e+21,4.88935e+21,5.1038e+17,5.88451e+22,7.62666e+24,3.95409e+28,2.26682e+25,1.26026e+20,3.31599e+20,1.6335e+22,4.18248e+24,2.3637e+23,6.87687e+22,5.7967e-315,4.67272e-319,5.61259e-321,5.61753e-321,-3.41455e-07,4.66486e-310,-2.92603e+28,-5.80337e+23,2.78857e+23,-9.80889e+19,-2.87844e+18,3.86525e+15,6.2698e+19,-5.82572e+28,4.59562e+22,4.41526e+20,-8.47269e+23,6.0188e+18,-2.78148e+23,-3.94363e+08,-1.36563e+19,-2.14244e+18,-1.10769e+15,1.45644e+19,-1.29271e+21,1.03399e+11,-7.21394e+12,3.24162e+18,-2.19261e+22,4.97382e+19,8.65966e+18,-2.9629e+19,7.44781e+15,-3.48541e+17,-5.77382e+07,-5.27745e+17,-1.03521e+18,-1.2321e+16,7.05876e+18,-2.34443e+20,8.28987e+13,2.46517e+16,1.70501e+17,-5.46565e+20,6.56184e+16,-8.54826e+17,-4.6032e+18,2.91842e+15,-2.37469e+17,1.98458e+12,-6.96382e+17,-5.6309e+10,-1.86555e+15,4.39415e+17,-1.43545e+22,-4.14553e+17,9.0535e+16,-1.30919e+15,1.41135e+17,-9.13705e+16,1.83336e+13,-2.98698e+17,2.41525e+17,-1.00762e+14,3.54094e+17,-8.02953e+14,-2.37871e+17,2.68283e+19,-1.52635e+17,5.156e+10,-8.38159e+14,1.07121e+21,4.49249e+08,2.72049e+17,-3.69616e+14,-8.49446e+18,1.28399e+15,3.02253e+14,5.15932e+13,3.14428e+10,-4.77354e+16,-2.19914e+14,5.10889e+19,7.32551e+15,-3.04742e+16,-2.71871e+16,-8.45009e+15,23021.6,6.76581e+17,-5.56153e+16,9.7673e+09,-1.66237e+17,5.61447e+17,1.20652e+10,8.17144e+19,-4.50505e+19,-1.05947e+11,9.6849e+15,1.5429e+18,1.33429e+15,-2.39001e+17,2.29636e+18,2.15866e+14,1.16548e+21,-7.35086e+12,4.91163e+18,-1.67069e+18,2.75245e+17,2.2314e+12,8.59912e+18,-1.35158e+10,1.21692e+08,3.6077e+21,4.71411e+17,-1.86815e+17,-8.12107e+14,-1.17946e+11,9.73208e+15,2.85777e+20,2.77077e+07,2.77267e+17,5.07539e+18,2.47706e+20,2.03471e+21,5.45329e+19,-1.54064e+16,3.4726e+22,3.72764e+22,9.62421e+19,2.96812e+13,-3.04724e+18
2.46795e+25,1.00416e+27,8.88276e+20,3.66935e+26,7.15006e+22,1.17317e+26,2.00259e+25,1.33154e+29,1.3962e+26,1.93772e+22,3.03002e+26,3.7045e+22,6.88136e+22,1.40533e+22,5.13865e+20,9.38891e+17,2.02066e+22,1.26327e+22,3.55524e+19,8.30154e+19,3.32987e+22,4.02172e+22,3.58009e+21,6.36462e+22,6.64529e+22,2.35838e+17,4.39093e+20,1.71815e+19,1.59841e+18,1.64931e+17,2.95337e+20,6.03817e+19,1.42409e+20,1.24524e+20,1.454e+17,1.24926e+18,5.67019e+18,1.28776e+20,2.45335e+12,1.59045e+18,1.64251e+19,2.18204e+16,1.08084e+18,1.55871e+20,8.832e+13,7.14538e+17,3.16725e+19,9.77615e+19,1.51332e+16,3.99118e+20,8.2416e+19,1.6182e+16,1.13653e+18,3.86969e+17,9.49994e+11,2.58293e+21,4.89335e+19,3.53972e+18,1.62239e+19,2.91774e+17,1.0088e+18,4.03017e+20,2.56637e+15,1.03259e+19,6.05831e+19,4.43594e+18,6.09621e+17,1.90797e+17,1.06255e+19,2.739e+17,3.50909e+17,5.38541e+13,1.78574e+17,5.04007e+17,1.03694e+21,3.31714e+21,2.82138e+16,4.61461e+20,1.6429e+18,5.23187e+15,1.92172e+18,1.72735e+21,1.96888e+20,8.21522e+14,2.26793e+17,2.1663e+17,3.36529e+19,7.83324e+19,6.16984e+19,1.15724e+21,1.2876e+19,1.91673e+20,3.39621e+20,5.16014e+19,8.89979e+18,9.55122e+18,1.58964e+18,2.03867e+18,3.77028e+21,2.7267e+18,1.26747e+19,1.47752e+20,1.18847e+23,1.96214e+20,1.88154e+21,1.42403e+23,1.32853e+23,3.00173e+22,6.87602e+19,2.90218e+19,2.0404e+20,1.53468e+18,1.46571e+21,1.79029e+24,4.02092e+21,1.00096e+20,2.22074e+21,1.87241e+23,2.02944e+21,1.01201e+24,6.17572e+21,4.29506e+23,2.91008e+29,1.04723e+25,3.61086e+24,5.17884e+23,1.65644e+22,1.04113e+26,2.66379e+20,1.02586e+26,1.49113e-312,2.16444e-312,1.82492e-312,4.66486e-310,5.09876e-321,2.3342e-312,1.99468e-312,2.67371e-312,5.61259e-321,5.61753e-321,0,0,0,4.66486e-310,-1.74501e+25,2.39495e+22,2.37775e+18,-5.05043e+10,-3.10489e+22,-4.71829e+21,9.32333e+24,-4.34318e+24,8.35819e+25,1.49522e+22,-4.85289e+24,9.23259e+07,-6.70083e+22,-2.65944e+20,5.05743e+20,-7.71765e+15,1.94349e+22,-1.25668e+22,-4.62923e+14,-1.09178e+11,-3.55692e+21,1.23133e+20,-8.06525e+19,-3.23704e+22,-1.62453e+22,-8.64532e+15,1.19932e+17,-7.75034e+15,1.0971e+15,-5.60415e+16,6.02757e+19,-6.02651e+19,-6.22987e+19,-8.56754e+11,4.58744e+07,-2.69894e+17,4.66804e+18,1.11911e+20,4.84442e+11,-1.1048e+15,1.49688e+19,-1.32348e+16,6.32845e+17,-1.31946e+06,-8.82075e+13,1.75333e+16,-2.86017e+18,3.88754e+19,-0.114171,-1.45635e+14,-6.43826e+14,-1.16482e+14,6.00368e+15,-2.88842e+17,-2.97817e+09,-2.54023e+21,1.10237e+17,1.87136e+15,8.41939e+18,7815.03,-3.60507e+15,-3.3764e+17,3.43969e+12,-2.29845e+18,8.74594e+17,4.34997e+18,5.74769e+13,-6.54657e+15,-9.97566e+18,2.98615e+15,-149673,1.99678e+13,-1.44882e+17,1.65582e+10,-4.11301e+12,2.44079e+13,-3.10765e+15,-2.94735e+19,2.7104e+17,-6.67129e+13,1.53337e+18,-5.88085e+18,1.46524e+20,-230389,1.5956e+08,1.58583e+15,1.894e+17,3.38282e+19,-7.9636e+17,-7.72322e+14,8.55853e+17,1.89497e+20,3.19841e+20,-2.47638e+16,4.19041e+18,7.63887e+18,-2.5156e+15,-3.89721e+15,-3.75272e+21,-2.71756e+18,-6.1903e+17,5.75387e+19,1.53413e+22,-1.67587e+20,3.10297e+18,-1.26193e+23,-3.82474e+22,1.51913e+21,-6.34375e+19,1.73185e+19,-5.28582e+19,-1.15283e+15,4.31001e+17,5.57342e+20,1.99105e+20,-2.89634e+16,4.92618e+19
6.94375e+27,1.3894e+22,1.03382e+23,2.68609e+24,2.16101e+21,1.09046e+21,6.00564e+26,2.3277e+28,3.41143e+26,8.49202e+19,2.53312e+24,1.95644e+25,2.27264e+22,1.4763e+22,1.55237e+22,1.3333e+23,3.13682e+21,5.93254e+19,7.17899e+19,3.12162e+17,3.231e+19,1.3188e+22,1.89032e+22,1.64979e+21,1.32528e+22,1.6479e+18,4.44219e+16,2.81232e+16,1.26006e+18,8.33518e+18,2.87307e+20,3.63267e+17,2.99316e+19,7.27373e+18,8.07039e+19,7.52723e+18,9.28998e+17,1.64853e+19,1.73943e+19,9.06202e+20,7.93372e+19,3.58787e+18,7.52432e+18,2.91171e+16,5.78806e+17,1.40257e+21,7.35212e+19,8.75064e+16,8.8601e+18,1.58923e+18,2.55683e+20,1.74702e+18,3.24531e+15,2.53354e+18,1.06686e+16,3.68639e+15,7.8915e+18,2.30328e+20,1.00241e+19,1.75621e+17,1.23758e+15,2.10334e+17,1.29954e+13,2.98091e+18,3.16473e+20,1.73841e+18,1.26357e+17,2.6242e+20,7.69957e+15,3.97989e+18,1.41438e+18,1.37103e+18,9.76951e+18,3.74374e+19,5.87567e+17,3.08568e+15,3.10784e+18,1.72115e+15,4.70276e+17,1.07523e+20,2.52539e+18,6.41313e+19,6.46742e+14,3.1135e+20,1.37035e+20,3.25424e+21,3.31054e+19,2.9815e+19,9.15507e+18,4.48311e+19,1.32193e+19,2.80017e+17,1.09532e+12,3.41299e+19,4.62618e+15,3.51616e+19,3.59513e+19,1.78932e+18,1.14008e+16,2.03051e+19,1.15965e+18,3.01385e+20,1.03062e+20,3.18551e+19,1.9513e+20,4.31637e+22,2.10711e+20,6.14732e+22,1.74886e+20,1.09802e+21,6.78553e+20,1.27438e+19,2.03229e+19,1.25979e+23,3.291e+24,5.91431e+18,4.74811e+24,2.37395e+24,1.19285e+22,1.36582e+20,4.04943e+24,1.62514e+29,1.23694e+22,9.12255e+24,3.01251e+23,2.87834e+26,3.76709e+24,1.16384e+21,5.26493e+26,5.77851e-315,3.51844e+14,8.38861e+06,1.39612e+17,1.06961e+16,5.53354e-321,5.53848e-321,6.91058e-310,6.91058e-310,4.66486e-310,4.66486e-310,7.38872e+14,1.39612e+17,1.35108e+16,4.66486e-310,-6.82481e+24,-1.36949e+22,1.03364e+23,-1.4854e+23,9.97578e+19,-3.20964e+20,1.30955e+26,-8.6776e+22,3.05678e+26,-5.11889e+18,-3.15481e+22,-2.25978e+23,1.04454e+20,-1.87752e+21,-7.067e+20,3.05507e+21,3.96139e+13,-5.92379e+19,-1.14959e+17,-2.78604e+16,-2.75316e+17,2.55862e+17,-5.3877e+20,-9.91588e+18,5.09862e+18,1.17565e+17,-1.11047e+08,9.39203e+15,-5.21843e+17,-3.3557e+18,2.94332e+19,6.8616e+12,-4.62555e+11,-2.06787e+17,8.28651e+09,-1.67876e+18,1.65016e+15,-6.12451e+18,-1.33636e+09,-1.20308e+20,1.00759e+17,3.72602e+16,-1.95757e+15,-2.87025e+16,8.19371e+15,-1.72803e+19,-3.59234e+19,3.84839e+13,1.65941e+18,-8.946e+17,-2.99465e+19,3.85269e+12,1.30169e+14,-9.96611e+07,8.57276e+15,-9.48258e+09,4.81012e+17,-5.2084e+14,81.3545,-8.63583e+13,1.2347e+15,-1.27651e+16,-1.23974e+13,1.36974e+16,2.8708e+20,894518,3.14787e+06,-6.4176e+18,1.1869e+10,-1.31522e+16,-1.2037e+13,-1.19056e+18,1.39371e+18,-1.63971e+18,2.07226e+16,-2.88228e+15,3.08116e+18,-4.95056e+06,8.54134e+16,-8.73028e+17,2.38967e+18,4.24898e+15,4.38833e+13,-1.70234e+20,1.39274e+19,4.75641e+19,-3.18479e+19,1.01947e+19,8.4465e+17,-1.83013e+16,-7.22795e+18,-1.82349e+10,-8.74833e+11,1.75728e+18,3.63387e+12,8.73763e+14,-2.86657e+19,1.77597e+18,8.07351e+14,1.22322e+18,8.89556e+17,1.95645e+17,2.10277e+18,-3.10004e+17,1.94809e+20,2.74946e+15,-8.91159e+17,-1.94619e+20,1.85308e+17,5.64366e+20,-4.98751e+13,-1.50893e+18,3.17329e+11,1.06832e+23,2.01203e+21
1.83057e+23,9.99899e+26,9.11492e+24,5.08268e+24,9.82233e+15,4.35159e+24,8.26614e+26,1.77531e+28,8.72412e+24,9.20891e+21,1.37774e+23,5.2499e+18,3.45067e+22,1.29795e+20,4.6596e+21,7.10443e+19,3.26651e+18,1.63831e+23,1.16647e+20,2.78654e+20,2.52432e+20,3.86591e+20,1.72434e+23,3.61001e+24,2.89877e+20,1.365e+17,4.38042e+17,9.32813e+20,3.18965e+18,8.37277e+20,3.84062e+14,1.03145e+17,1.2112e+20,1.49009e+18,5.95831e+19,2.5966e+17,1.04016e+21,1.98002e+17,3.47841e+17,6.5631e+21,1.1621e+21,2.20454e+18,1.82368e+22,4.44022e+18,5.62393e+19,6.16074e+17,2.36248e+17,9.94778e+19,1.30707e+19,2.09695e+19,5.09449e+17,3.34382e+17,1.81934e+18,1.66701e+20,1.37667e+17,1.85976e+17,1.36333e+19,2.14678e+20,2.11158e+17,7.43371e+18,2.61706e+20,3.0497e+18,1.17108e+21,2.53858e+17,2.05634e+18,3.14565e+18,1.69307e+16,8.53673e+17,1.66697e+16,4.31848e+18,4.60801e+16,1.31868e+19,1.21846e+21,8.86424e+17,1.5215e+19,1.62275e+16,1.66037e+17,1.01478e+20,4.35566e+19,8.19703e+20,3.44193e+18,8.32489e+13,2.98681e+17,1.24601e+20,5.11961e+17,7.06444e+17,4.40368e+17,9.21119e+19,1.82189e+18,1.81073e+19,5.34569e+19,9.41871e+18,5.18228e+19,3.82008e+19,6.49838e+19,4.55755e+19,1.5749e+18,7.71614e+18,5.4213e+22,7.30608e+20,4.06946e+20,9.76343e+07,4.32396e+21,9.18533e+21,8.57214e+19,5.65209e+17,3.29886e+12,1.3739e+20,7.91772e+17,2.93712e+21,3.10167e+20,9.21662e+20,1.68444e+21,3.59952e+20,1.67029e+25,1.48231e+17,6.00161e+22,8.34237e+23,1.69375e+22,6.74687e+29,5.45479e+23,2.10294e+26,3.23337e+24,9.73062e+24,2.52384e+21,2.9314e+25,1.99031e+25,6.37225e+20,3.47448e+26,4.27367e-321,6.91058e-310,6.91058e-310,6.91058e-310,6.91058e-310,-1.26009e+13,-5.36749e+23,-5.71795e+19,6.04786e+19,-1.44815e+13,-3.29481e+18,4273.95,1.2048e+14,-1.17757e+21,5.42365e+17,2.80339e+11,-4.48891e+18,-1.71885e+19,8.21033e-05,-5.39937e+17,-3.74313e+10,-8.98933e+06,-7.06298e+15,-2.53018e+18,-1.69247e+17,-4.11865e+17,1.5814e+16,-1.11385e+06,5.94385e+13,4.8987e+19,2.42892e+08,-1.2105e+16,307705,2.52384e+19,0.49414,-8.76795e+17,1.3259e+06,6.46505e+10,-3.25536e+17,4.65315e+18,2.25188e+14,1.57504e+13,-4.23156e+18,3.14655e+18,1.47142e+13,2.02549e+10,1.73262e+16,9.6419e+17,2.37646e-321,6.91058e-310,6.91058e-310,8.92005e+14,2.67173e+12,-9.31468e+14,8.26187e+16,3.3398e+12,2.89538e+19,1.10337e+18,1.83609e+13,-5.64465e+18,-4.4738e+14,-7.74414e+17,2.4052e+16,-2.17301e+17,-3.14807e+18,-1.22921e+15,-7.8896e+17,3.97395e+12,4.22748e+15,4.88018e+20,-2.33423e+14,-7.45738e+13,5.03267e+18,-1.00868e+18,-1.51061e+15,4.3617e+20,-6.95656e+16,-6.72383e+14,4.27443e+16,-2.1644e+15,-2.92264e+21,-4.71783e+20,9.80417e+21,-4.69639e+21,4.31852e+18,7.1442e+20,-4.7146e+19,1.43083e+20,-3.16732e+08,-3.78605e+21,2.01186e+18,1.7317e+21,1.52371e+22,4.27895e+17,5.79008e+20,1.71013e+24,9.07448e+24,5.6784e+28,3.20541e+24,-1.0101e+25,1.44452e+22,-1.67473e+17,-1.45015e+26,-8.93533e+10,5.71943e-315,4.66839e-313,5.51719e-313,4.26873e-321,4.90113e-321,0,9.57015e+15,1.54811e+15,1.92415e+12,0,0,0,0,0,1.01331e+16,1.01331e+16,3.3777e+15,3.3777e+15,3.3777e+15,0,0,0
1.23973e+26,3.67692e+25,1.12183e+26,1.54046e+26,5.32866e+19,1.37754e+24,3.41968e+25,5.83328e+29,2.78273e+26,7.09303e+22,1.07518e+18,5.25192e+24,8.11054e+21,7.62618e+20,5.83537e+16,1.96382e+15,4.25717e+21,7.75737e+17,4.65717e+22,3.95833e+18,4.58839e+21,3.00544e+21,1.94834e+22,4.16846e+24,6.38399e+22,1.26816e+19,6.94692e+18,1.73046e+18,4.36366e+18,1.239e+17,5.36217e+18,4.28828e+19,6.3597e+16,9.58102e+18,2.45887e+20,2.6769e+17,1.67475e+16,7.03807e+17,1.04467e+18,3.80768e+19,4.97377e+20,2.54802e+19,4.60221e+18,6.8345e+12,4.12154e+15,1.27284e+14,1.04696e+19,3.60416e+20,3.66544e+19,9.53704e+19,9.45981e+19,6.99626e+19,3.86116e+17,1.41401e+17,5.47089e+16,4.59741e+13,1.38983e+16,8.65052e+18,1.02343e+18,1.75352e+17,4.40989e+17,1.17216e+19,1.17216e+19,4.40989e+17,1.75352e+17,1.02343e+18,8.65052e+18,1.38983e+16,4.59741e+13,5.47089e+16,1.41401e+17,3.86116e+17,6.99626e+19,9.45981e+19,9.53704e+19,3.66544e+19,3.60416e+20,1.04696e+19,1.27284e+14,4.12154e+15,6.8345e+12,4.60221e+18,2.54802e+19,4.97377e+20,3.80768e+19,1.04467e+18,7.03807e+17,1.67475e+16,2.6769e+17,2.45887e+20,9.58102e+18,6.3597e+16,4.28828e+19,5.36217e+18,1.239e+17,4.36366e+18,1.73046e+18,6.94692e+18,1.26816e+19,6.38399e+22,4.16846e+24,1.94834e+22,3.00544e+21,4.58839e+21,3.95833e+18,4.65717e+22,7.75737e+17,4.25717e+21,1.96382e+15,5.83537e+16,7.62618e+20,8.11054e+21,5.25192e+24,1.07518e+18,7.09303e+22,2.78273e+26,5.83328e+29,3.41968e+25,1.37754e+24,5.32866e+19,1.54046e+26,1.12183e+26,3.67692e+25,1.23973e+26,1.86086e+24,1.63042e-322,6.91058e-310,6.91058e-310,5.37543e-321,1.02025e-320,1.29479e+16,1.63256e+16,8.79609e+13,0,0,0,0,1.75922e+13,2.11106e+14,3.51844e+14,5.49756e+12,5.45523e-315,0,0,0,1.63256e+16,1.39612e+17,1.39612e+17,1.39612e+17,5.59478e-315,0,0,1.82959e+15,2.36439e+16,5.6295e+16,5.6295e+16,7.74056e+14,0,0,0,0,1.39612e+17,8.10648e+16,2.36439e+16,1.03079e+11,0,0,0,2.19902e+13,3.51844e+15,2.92734e+16,1.80144e+16,3.84829e+12,0,0,0,1.39612e+17,1.39612e+17,1.39612e+17,1.39612e+17,5.59478e-315,0,0,4.83785e+13,2.02662e+16,4.95396e+16,7.20576e+16,9.85163e+14,0,0,0,9.85162e+14,1.35108e+16,2.02662e+16,2.02662e+16,1.03583e+17,5.57179e-315,0,0,0,4.08139e+15,1.03583e+17,1.03583e+17,6.53022e+16,2048,0,0,0,0,1.75922e+15,1.39612e+17,1.39612e+17,5.91098e+15,5.56046e-315,0,0,1.39612e+17,1.39612e+17,1.39612e+17,1.39612e+17,5.91098e+15,8.72573e+15,2.46291e+14,5.45264e-315,0,0,0,1.68885e+15,1.68885e+16,1.68885e+16,5.56143e-315,0,0,5.48761e-315,8.58993e+10,0,1.40737e+14,0,0,0,0,0,0,0,0,0,0,3.22123e+09
9.87579e+25,9.28198e+23,2.29806e+26,6.63596e+25,1.22512e+23,2.06528e+21,5.12704e+23,6.11216e+27,5.72898e+26,1.09705e+25,3.51137e+22,2.53734e+23,9.31982e+20,1.04177e+17,1.25168e+21,5.0138e+22,4.62522e+20,3.2248e+19,4.01719e+21,2.25762e+22,3.20991e+21,6.97402e+19,2.12072e+23,7.9833e+19,1.5038e+21,1.14675e+22,9.60268e+20,1.3933e+21,6.4704e+17,2.34973e+17,2.84516e+20,1.73875e+21,1.49109e+19,2.80761e+17,1.01971e+20,3.91118e+17,9.48777e+16,8.56796e+17,2.54125e+17,2.40552e+16,2.51242e+20,4.14058e+20,9.45316e+11,1.95061e+15,3.89855e+20,3.63311e+17,8.22977e+18,6.13822e+19,1.59694e+19,9.84795e+16,1.98258e+20,1.1588e+18,1.3693e+17,1.15178e+17,4.78947e+16,3.43231e+14,3.69622e+15,5.17101e+18,8.82846e+18,1.06487e+21,1.06487e+21,8.82846e+18,5.17101e+18,3.69622e+15,3.43231e+14,4.78947e+16,1.15178e+17,1.3693e+17,1.1588e+18,1.98258e+20,9.84795e+16,1.59694e+19,6.13822e+19,8.22977e+18,3.63311e+17,3.89855e+20,1.95061e+15,9.45316e+11,4.14058e+20,2.51242e+20,2.40552e+16,2.54125e+17,8.56796e+17,9.48777e+16,3.91118e+17,1.01971e+20,2.80761e+17,1.49109e+19,1.73875e+21,2.84516e+20,2.34973e+17,6.4704e+17,1.3933e+21,9.60268e+20,1.14675e+22,1.5038e+21,7.9833e+19,2.12072e+23,6.97402e+19,3.20991e+21,2.25762e+22,4.01719e+21,3.2248e+19,4.62522e+20,5.0138e+22,1.25168e+21,1.04177e+17,9.31982e+20,2.53734e+23,3.51137e+22,1.09705e+25,5.72898e+26,6.11216e+27,5.12704e+23,2.06528e+21,1.22512e+23,6.63596e+25,2.29806e+26,9.28198e+23,9.87579e+25,0,0,0,0,0,1.29479e+16,6.04463e+25,5.14322e-321,0,0,1.19575e-316,5.22074e-318,1.18893e-316,1.04018e-317,1.17762e-316,4.66486e-310,-3.51703e+25,2.08475e+23,3.92617e+25,3.47083e+21,4.57945e+21,-2.14379e+20,-8.7075e+20,4.18003e+27,-9.48716e+24,-3.66357e+15,7.29873e+17,-3.84778e+19,-3.78556e+16,-1.03728e+17,-1.24493e+21,2.69474e+22,-1.61735e+20,-2.4657e+13,-7.87855e+17,1.8761e+22,-1.41554e+13,-5.63351e+19,-8.27176e+21,6.55886e+19,-1.14027e+20,2.39322e+20,9.18468e+20,6.2157e+19,5.86192e+17,-1.02589e+16,-1.58653e+20,-6.06723e+16,1.4752e+19,-2.75025e+17,1.17092e+08,2.14361e+15,1.03588e+09,-6.56318e+17,-319649,-1.485e+14,4.78232e+19,4.08985e+20,20852.5,1.30391e+10,3.82043e+20,5520.38,-9.71998e+17,-8.64006e+18,-1.39152e+16,-3.21028e+15,-8.39652e+19,3.19433e+13,-2.24267e+16,5.41664e+14,8.52642e+14,1.92074e+12,-3.49284e+15,1.30272e+18,-2.04023e+18,8.10813e+17,-8.10813e+17,2.04023e+18,-1.30272e+18,3.49284e+15,-1.92074e+12,-8.52641e+14,-5.41664e+14,2.24267e+16,-3.19433e+13,8.39651e+19,3.21028e+15,1.39151e+16,8.64006e+18,9.71998e+17,-5520.38,-3.82043e+20,-1.30391e+10,-20852.5,-4.08985e+20,-4.78232e+19,1.485e+14,319649,6.56318e+17,-1.03588e+09,-2.14361e+15,-1.17092e+08,2.75025e+17,-1.4752e+19,6.06723e+16,1.58653e+20,1.02589e+16,-5.86192e+17,-6.2157e+19,-9.18468e+20,-2.39322e+20,1.14027e+20,-6.55886e+19,8.27176e+21,5.63351e+19,1.41554e+13,-1.8761e+22,7.87855e+17,2.4657e+13,1.61734e+20
3.93561e+27,4.40839e+24,8.61319e+22,4.7759e+25,2.13592e+19,5.60312e+26,3.47873e+25,4.8177e+28,1.54968e+27,2.66507e+23,4.68932e+21,1.76151e+19,6.48828e+18,1.16715e+18,8.62791e+19,7.3036e+22,9.33381e+20,7.38769e+17,8.2332e+21,3.1874e+21,6.07838e+19,5.92878e+16,7.55208e+23,4.21452e+22,3.71188e+21,2.83938e+22,1.00524e+21,4.27854e+18,1.68901e+13,9.23038e+21,4.39636e+19,1.15471e+21,1.18355e+23,5.17812e+19,7.62157e+20,1.83795e+17,1.74121e+20,1.5598e+19,7.63691e+12,2.45846e+18,7.18488e+15,2.05528e+13,1.59725e+18,2.19966e+20,5.17491e+19,1.84332e+14,1.33979e+19,4.02869e+20,9.56316e+17,2.44543e+20,2.57823e+20,2.64153e+14,5.91484e+16,6.582e+19,1.1848e+17,2.91889e+18,6.98908e+19,6.98908e+19,2.91889e+18,1.1848e+17,6.582e+19,5.91484e+16,2.64153e+14,2.57823e+20,2.44543e+20,9.56316e+17,4.02869e+20,1.33979e+19,1.84332e+14,5.17491e+19,2.19966e+20,1.59725e+18,2.05528e+13,7.18488e+15,2.45846e+18,7.63691e+12,1.5598e+19,1.74121e+20,1.83795e+17,7.62157e+20,5.17812e+19,1.18355e+23,1.15471e+21,4.39636e+19,9.23038e+21,1.68901e+13,4.27854e+18,1.00524e+21,2.83938e+22,3.71188e+21,4.21452e+22,7.55208e+23,5.92878e+16,6.07838e+19,3.1874e+21,8.2332e+21,7.38769e+17,9.33381e+20,7.3036e+22,8.62791e+19,1.16715e+18,6.48828e+18,1.76151e+19,4.68932e+21,2.66507e+23,1.54968e+27,4.8177e+28,3.47873e+25,5.60312e+26,2.13592e+19,4.7759e+25,8.61319e+22,4.40839e+24,3.93561e+27,1.39612e+17,3.07863e+13,3.07863e+13,3.43597e+10,0,5.48113e-315,0,4.82702e-321,0,1.63256e+16,8.79609e+13,0,0,0,6.15727e+13,2.11106e+14,1.54811e+15,2.11106e+14,2048,0,0,0,1.39612e+17,1.39612e+17,1.39612e+17,1.39612e+17,1.54811e+15,0,0,1.82959e+15,1.39612e+17,1.39612e+17,5.6295e+16,1.82959e+15,5.51351e-315,0,0,1.42937e+13,1.39612e+17,1.39612e+17,1.39612e+17,9.49978e+14,0,0,2.19902e+13,6.7554e+16,1.39612e+17,2.18143e+15,0.0078125,0,0,0,2.92734e+16,1.08086e+17,3.51844e+14,5.36871e+08,0,0,0,1.61848e+15,5.6295e+15,6.98058e+16,2.02662e+16,5.53682e-315,0,0,0,0,1.39612e+17,1.39612e+17,1.39612e+17,6.53022e+16,5.4902e-315,0,0,1.03583e+17,1.03583e+17,1.03583e+17,3.35544e+07,0,0,0,0,1.39612e+17,1.39612e+17,1.39612e+17,1.80144e+16,4.29497e+10,0,0,0,0,0,0,5.38788e-315,5.38788e-315,1.75922e+13,5.44487e-315,262144,1.39612e+17,1.39612e+17,1.39612e+17,1.39612e+17,1.39612e+17,1.68885e+15,5.48761e-315,0,0,0,0,0,0,0,0
1.05559e+27,1.82181e+25,1.76739e+22,2.79132e+24,4.28273e+23,9.69084e+24,2.41884e+26,3.66897e+27,9.31228e+24,7.24448e+22,1.10294e+21,1.99266e+22,1.59429e+22,4.23963e+22,1.52396e+21,6.62666e+22,1.11021e+19,2.29893e+20,8.0818e+20,1.08078e+21,4.09618e+18,4.97585e+20,1.45334e+22,5.82052e+24,2.39505e+19,8.03725e+20,1.06364e+20,6.72835e+20,6.147e+19,3.85593e+16,2.84896e+18,1.76481e+20,6.32848e+18,1.01962e+18,3.09628e+21,9.26846e+15,6.75923e+17,5.55576e+09,1.98092e+19,6.91494e+18,1.52984e+20,1.48152e+18,8.1622e+14,1.40334e+18,8.06749e+15,2.41605e+17,6.1716e+15,3.72589e+16,1.07089e+19,8.01492e+19,8.75781e+15,7.70298e+15,7.6528e+19,3.06245e+17,7.6528e+19,7.70298e+15,8.75781e+15,8.01492e+19,1.07089e+19,3.72589e+16,6.1716e+15,2.41605e+17,8.06749e+15,1.40334e+18,8.1622e+14,1.48152e+18,1.52984e+20,6.91494e+18,1.98092e+19,5.55576e+09,6.75923e+17,9.26846e+15,3.09628e+21,1.01962e+18,6.32848e+18,1.76481e+20,2.84896e+18,3.85593e+16,6.147e+19,6.72835e+20,1.06364e+20,8.03725e+20,2.39505e+19,5.82052e+24,1.45334e+22,4.97585e+20,4.09618e+18,1.08078e+21,8.0818e+20,2.29893e+20,1.11021e+19,6.62666e+22,1.52396e+21,4.23963e+22,1.59429e+22,1.99266e+22,1.10294e+21,7.24448e+22,9.31228e+24,3.66897e+27,2.41884e+26,9.69084e+24,4.28273e+23,2.79132e+24,1.76739e+22,1.82181e+25,1.05559e+27,0,0,0,0,0,0,-0.0064097,-0.00251331,8.8586e-321,6.91058e-310,6.91058e-310,4.66486e-310,4.66486e-310,5.84732e-315,-1.01067e+27,-5.23586e+19,1.81668e+25,2.68611e+20,-7.27177e+10,1.83312e+23,-2.2855e+24,-4.00195e+22,6.46387e+19,-6.53157e+12,1.72475e+24,1.92408e+23,2.07426e+26,2.97326e+20,1.45372e+27,-7.73598e+28,-1.80453e+22,-1.38731e+21,-2.69878e+11,2.92052e+16,4.64854e+20,1.03104e+18,1.90166e+17,-9.23247e+21,2.20328e+21,-9.44467e+21,-1.45569e+22,-3.41348e+13,-7.39362e+19,1.15475e+20,-3.15753e+22,3.79622e+15,6.06092e+18,-7.12599e+20,9.37317e+17,1.3223e+15,-6.77838e+20,1.55082e+21,-1.60298e+13,-8.13169e+19,1.30037e+13,-1.30057e+19,-3.00528e+19,2.53567e+12,2.53975e+20,6.05274e+16,3.30218e+24,-4.46758e+10,0.0132225,3.73928e+12,-5.86973e+20,9.04167e+16,4.33936e+15,-5.35471e+15,6.49265e+20,-4.12698e+17,5.63032e+19,1.42243e+21,-2.11904e+13,-9.34078e+13,3.97051e+17,9.46683e+14,-1.76347e+20,3.05288e+19,5.20654e+12,1.64414e+15,1.11244e+12,8.67657e+15,5.91402e+16,2.52212e+16,-6.30062e+15,3.32719e+20,-1.17809e+16,-5.24854e+17,4.19839e+08,-1.17902e+20,-1.94938e+19,2.1121e+15,2.3373e+13,8.93857e+18,1.44319e+20,-2.17199e+15,2.80954e+17,-1.55949e+15,-7.12089e+14,3.71397e+12,-1.19482e+18,-2.59441e+17,3.92154e+14,-3.01893e+16,3.41627e+16,2.05799e+15,-2.73328e+13
1.80465e+25,3.07423e+24,2.90224e+25,1.82556e+26,1.08513e+23,2.00615e+25,3.44683e+24,1.81036e+27,2.3235e+19,3.19339e+22,3.44401e+22,6.62002e+21,2.11244e+21,2.55719e+21,1.94369e+19,1.62676e+22,6.88497e+17,1.41085e+22,8.78413e+19,4.5828e+17,7.59273e+19,1.47377e+19,3.51525e+22,6.60901e+21,4.3833e+21,4.23253e+16,2.72728e+19,6.2704e+19,1.60315e+20,6.81043e+17,2.42589e+17,5.17193e+20,3.62322e+11,1.14533e+19,5.87031e+19,3.23859e+17,8.30239e+17,2.94894e+19,3.84252e+18,3.93403e+16,2.63962e+16,5.40663e+17,6.98069e+13,1.86787e+18,9.23577e+18,1.91312e+19,1.05057e+17,3.24673e+18,2.09888e+17,9.14794e+14,2.09888e+17,3.24673e+18,1.05057e+17,1.91312e+19,9.23577e+18,1.86787e+18,6.98069e+13,5.40663e+17,2.63962e+16,3.93403e+16,3.84252e+18,2.94894e+19,8.30239e+17,3.23859e+17,5.87031e+19,1.14533e+19,3.62322e+11,5.17193e+20,2.42589e+17,6.81043e+17,1.60315e+20,6.2704e+19,2.72728e+19,4.23253e+16,4.3833e+21,6.60901e+21,3.51525e+22,1.47377e+19,7.59273e+19,4.5828e+17,8.78413e+19,1.41085e+22,6.88497e+17,1.62676e+22,1.94369e+19,2.55719e+21,2.11244e+21,6.62002e+21,3.44401e+22,3.19339e+22,2.3235e+19,1.81036e+27,3.44683e+24,2.00615e+25,1.08513e+23,1.82556e+26,2.90224e+25,3.07423e+24,1.80465e+25,5.91098e+15,5.91098e+15,5.06417e-321,0,9.57015e+15,1.54811e+15,8.58994e+09,0,0,0,0,2.57698e+10,3.87028e+14,1.75922e+14,3.3777e+15,2.18143e+15,7.91649e+13,0,0,0,0,3.3777e+15,2.36439e+16,1.39612e+17,1.39612e+17,1.57626e+16,1.09951e+12,0,0,0,2.47698e+16,1.05553e+15,4.08139e+15,6.7554e+15,6.7554e+15,5.52322e-315,0,0,0,9.45756e+16,1.1259e+16,3.60288e+16,1.1259e+16,524288,0,0,0,4.83785e+13,3.51844e+15,8.16278e+15,5.34803e+15,1.09951e+12,0,0,0,1.39612e+17,1.39612e+17,1.39612e+17,2.67401e+15,1.71799e+11,0,0,0,6.7554e+16,1.03583e+17,6.7554e+16,3.03993e+16,5.55172e-315,0,0,2048,7.65612e+16,1.21597e+17,1.21597e+17,1.39612e+17,9.14794e+14,0,0,1.39612e+17,1.39612e+17,1.1259e+17,2.19902e+13,5.50574e-315,0,0,0,0,0,0,1.39612e+17,1.39612e+17,2.13921e+16,1.39612e+17,1.37439e+12,0,0,0,0,0
2.97567e+23,1.56301e+24,3.04081e+23,9.93646e+23,2.04727e+25,1.07984e+25,4.01836e+23,5.33964e+26,6.91084e+13,3.89627e+17,3.70786e+22,7.30114e+19,2.26471e+23,1.65281e+20,5.03187e+17,7.08816e+21,6.42993e+15,1.0137e+19,1.82295e+19,6.19014e+12,4.17197e+20,1.29024e+20,1.63759e+20,5.69067e+22,3.67427e+17,1.03497e+19,1.04401e+22,3.59781e+18,2.06594e+19,3.11866e+20,6.02071e+17,5.31796e+20,6.83703e+17,5.27961e+17,1.47203e+13,2.17661e+17,1.96031e+18,3.71278e+19,1.74597e+17,3.66605e+18,6.80193e+17,5.17086e+17,2.68884e+20,1.30407e+20,6.7969e+15,2.83778e+20,1.5253e+16,6.38891e+16,1.16879e+19,4.35699e+17,6.0508e+16,5.26964e+14,5.09335e+20,1.75554e+17,8.49253e+15,7.30941e+19,1.28215e+16,5.38634e+20,1.59719e+20,1.22788e+20,2.33256e+15,5.911e+18,1.03433e+19,2.30068e+17,1.78687e+18,2.73695e+18,8.42316e+15,4.4632e+18,5.50132e+19,5.35643e+15,7.33546e+20,4.29852e+20,7.00782e+19,6.28701e+21,1.30665e+20,7.92799e+20,1.6428e+19,1.09393e+19,1.94655e+22,9.61529e+19,8.77507e+19,1.10629e+21,4.03923e+20,2.68307e+17,2.03235e+22,1.68545e+11,1.88851e+22,1.97388e+29,7.13198e+22,1.56533e+26,3.09943e+23,3.66665e+24,9.79428e+25,1.20728e+26,7.89232e+23,-7.71765e+15,1.94349e+22,-1.25668e+22,-4.62923e+14,-1.09178e+11,-3.55692e+21,4.19462e-321,0,4.66486e-310,-2.91173e+23,4.28076e+22,6.56223e+18,2.34631e+21,2.31664e+22,7.53843e+24,4.37765e+22,3.8319e+25,-3.03428e+13,2.21226e+16,3.53615e+22,-6.96458e+19,-1.96866e+23,4.31196e+18,4.65776e+17,6.12231e+21,1.19714e+08,-5.36871e+17,-37998.3,-4.17299e+12,1.49654e+19,4.81856e+19,8.02289e+19,8.00544e+19,-3.64633e+17,4.40658e+17,1.79564e+21,-2.41956e+15,-6.52213e+18,3.17009e+19,-4.51356e+16,3.87942e+20,-2.5979e+17,1.47948e+17,2.38704e+10,-2.07125e+17,1.56977e+17,1.31823e+14,-3.94888e+09,2.2582e+18,1.5046e+17,8.26345e+16,2.64003e+20,-4.009e+19,1.69092e+15,1.362e+18,-1.38452e+14,1.63558e+16,-2.4599e+17,2.49153e+17,4.52399e+15,-0.0185778,1.65253e+20,1.74554e+17,-8.38447e+15,1.71729e+19,1.08594e+16,3.32329e+19,1.33252e+20,-1.21171e+20,9.09798e+14,5.52375e+17,-2.53135e+17,4.09997e+13,-3.92999e+15,1.18576e+18,8.40036e+15,-3.28206e+14,4.57933e+19,1.69213e+15,-2.87181e+20,2.1188e+20,3.01752e+12,7.44138e+10,1.30239e+20,-1.586e+20,1.5434e+19,-1.58874e+18,-3.12871e+19,5.15865e+19,2.48807e+15,4.10246e+17,-2.13648e+18,-1.0515e+15,3.62191e+17,5.20625e+10,-6.81475e+21
6.97731e+24,2.86669e+25,3.25207e+22,3.40053e+26,1.65393e+23,6.38716e+26,6.12533e+25,7.57047e+27,4.2781e+22,4.18597e+22,5.63204e+21,1.30262e+20,1.81283e+17,2.29332e+20,1.84867e+20,3.17819e+20,4.36237e+18,9.01217e+21,5.42565e+21,3.99476e+21,5.91463e+19,3.69433e+18,1.3953e+20,1.77786e+23,3.93233e+20,5.79781e+21,1.28108e+18,6.95774e+15,4.21736e+19,7.66597e+16,7.26484e+17,2.32937e+20,2.47698e+20,2.11967e+20,8.31916e+16,1.54853e+20,1.9526e+19,7.9155e+19,2.86532e+17,7.54282e+14,2.09216e+15,2.10934e+15,2.93309e+19,5.29447e+17,5.36563e+17,8.3444e+19,5.91745e+19,4.62831e+17,8.45826e+16,1.06067e+16,5.7402e+19,2.64417e+19,2.64417e+19,5.7402e+19,1.06067e+16,8.45826e+16,4.62831e+17,5.91745e+19,8.3444e+19,5.36563e+17,5.29447e+17,2.93309e+19,2.10934e+15,2.09216e+15,7.54282e+14,2.86532e+17,7.9155e+19,1.9526e+19,1.54853e+20,8.31916e+16,2.11967e+20,2.47698e+20,2.32937e+20,7.26484e+17,7.66597e+16,4.21736e+19,6.95774e+15,1.28108e+18,5.79781e+21,3.93233e+20,1.77786e+23,1.3953e+20,3.69433e+18,5.91463e+19,3.99476e+21,5.42565e+21,9.01217e+21,4.36237e+18,3.17819e+20,1.84867e+20,2.29332e+20,1.81283e+17,1.30262e+20,5.63204e+21,4.18597e+22,4.2781e+22,7.57047e+27,6.12533e+25,6.38716e+26,1.65393e+23,3.40053e+26,3.25207e+22,2.86669e+25,6.97731e+24,0,0,0,4.51082e-321,0,0,0,4.66486e-310,-6.41991e+24,2.86276e+25,1.06029e+22,-3.67939e+22,-9.26303e+20,6.06248e+26,2.66877e+25,3.83369e+25,-1.01688e+21,4.14216e+22,5.36594e+21,-1.47813e+19,-7.25489e+07,9.70201e+14,-1.4864e+19,1.47466e+17,4.93891e+16,-7.03738e+16,-5.06673e+20,-2.02889e+17,3.68846e+19,9.05277e+17,1.01689e+20,-4.62808e+10,-8.38735e+11,3.98811e+21,1.12578e+18,6.89984e+15,-1.55339e+18,1.4499e+11,-2.82006e+16,2.66722e+12,-1.56828e+20,5.50934e+16,-1.15156e+15,4.5359e+18,-5.43482e+18,-2.9925e+09,9.43657e+14,2.10684e+12,-1.93559e+15,-3.0488e+09,2.57922e+19,4.30635e+17,-1.49471e+17,-3.87343e+18,-5.77392e+16,4.05366e+17,-1.85133e+09,8.32236e+14,-4.89575e+17,2.02124e+18,-2.02123e+18,4.89575e+17,-8.32235e+14,1.85133e+09,-4.05366e+17,5.77392e+16,3.87343e+18,1.49471e+17,-4.30635e+17,-2.57922e+19,3.0488e+09,1.93559e+15,-2.10684e+12,-9.43657e+14,2.9925e+09,5.43482e+18,-4.5359e+18,1.15156e+15,-5.50934e+16,1.56828e+20,-2.66722e+12,2.82006e+16,-1.4499e+11,1.55339e+18,-6.89984e+15,-1.12578e+18,-3.98811e+21,8.38735e+11,4.62807e+10,-1.01689e+20,-9.05277e+17,-3.68846e+19,2.02889e+17,5.06673e+20,7.03738e+16,-4.93891e+16,-1.47466e+17,1.4864e+19,-9.70201e+14,7.25489e+07,1.47813e+19,-5.36594e+21,-4.14216e+22,1.01688e+21
7.20728e+27,6.56657e+26,2.68018e+23,8.7659e+23,5.70241e+25,6.14235e+25,8.36913e+26,5.4388e+27,1.36836e+25,3.65499e+22,3.91612e+21,5.05965e+21,5.11024e+21,2.81954e+21,1.07237e+20,5.12958e+18,2.26473e+22,6.99286e+18,2.30042e+20,4.58006e+19,3.04873e+19,1.81872e+18,4.01531e+20,5.2796e+21,1.23571e+20,9.6982e+19,2.31012e+20,1.81362e+20,2.41982e+17,1.28484e+22,2.95409e+17,3.05901e+21,4.80506e+18,6.02268e+19,1.01205e+15,9.51749e+17,1.182e+17,2.73905e+15,6.83929e+16,8.2006e+18,2.90028e+16,6.81083e+14,4.76005e+19,1.49788e+15,3.63149e+14,4.73993e+20,1.66194e+15,2.04931e+20,1.09421e+16,8.77267e+17,2.68457e+20,5.17288e+16,9.19281e+17,2.81936e+17,2.49115e+17,1.27797e+20,1.27797e+20,2.49115e+17,2.81936e+17,9.19281e+17,5.17288e+16,2.68457e+20,8.77267e+17,1.09421e+16,2.04931e+20,1.66194e+15,4.73993e+20,3.63149e+14,1.49788e+15,4.76005e+19,6.81083e+14,2.90028e+16,8.2006e+18,6.83929e+16,2.73905e+15,1.182e+17,9.51749e+17,1.01205e+15,6.02268e+19,4.80506e+18,3.05901e+21,2.95409e+17,1.28484e+22,2.41982e+17,1.81362e+20,2.31012e+20,9.6982e+19,1.23571e+20,5.2796e+21,4.01531e+20,1.81872e+18,3.04873e+19,4.58006e+19,2.30042e+20,6.99286e+18,2.26473e+22,5.12958e+18,1.07237e+20,2.81954e+21,5.11024e+21,5.05965e+21,3.91612e+21,3.65499e+22,1.36836e+25,5.4388e+27,8.36913e+26,6.14235e+25,5.70241e+25,8.7659e+23,2.68018e+23,6.56657e+26,7.20728e+27,0,0,7.09303e+22,5.58294e-322,6.91058e-310,6.91058e-310,1.37754e+24,5.32866e+19,1.54046e+26,1.12183e+26,3.67692e+25,1.23973e+26,1.86086e+24,1.63042e-322,6.91058e-310,6.91058e-310,5.53354e-322,1.01975e-320,1.29479e+16,7.59983e+15,6.87195e+11,0,0,0,1.09951e+12,1.54811e+15,2.81475e+15,2.04069e+15,3.43597e+11,5.51416e-315,0,0,5.6295e+16,1.39612e+17,1.39612e+17,1.63256e+16,5.55237e-315,0,0,7.31835e+15,1.39612e+17,1.39612e+17,1.39612e+17,5.59478e-315,0,0,9.45756e+16,1.21597e+17,1.21597e+17,7.74056e+14,5.55107e-315,0,0,2.67401e+15,1.46367e+16,5.40432e+16,1.46367e+16,9.57015e+15,0,0,0,2.67401e+15,1.01331e+16,2.67401e+15,0,0,0,1.01331e+16,1.01331e+16,2.58957e+16,6.7554e+15,5.55496e-315,0,0,1.40737e+16,1.39612e+17,1.39612e+17,1.39612e+17,6.19245e+15,0,0,0,6.7554e+16,6.7554e+16,1.06961e+16,3.35544e+07,5.3568e-315,0,0,0,0,5.42933e-315,1.92415e+12,5.49667e-315,0,0,0,0,0,0,0,0,0,0,0,0,0,0,0,0,0,0
3.50779e+26,2.29141e+23,1.95664e+25,7.42833e+24,1.98411e+22,6.60081e+25,2.08604e+24,6.08017e+29,2.99227e+23,1.66214e+23,1.03902e+22,5.3404e+19,1.17938e+21,1.21768e+21,2.31409e+19,1.55067e+22,3.18772e+21,2.61693e+20,1.11848e+20,1.7921e+19,1.0226e+21,1.31268e+14,5.21241e+23,1.64313e+23,3.16214e+22,1.16165e+18,4.7138e+21,9.44158e+20,1.80864e+15,1.80392e+20,5.96298e+19,1.72967e+22,7.51868e+17,1.73764e+20,5.08643e+14,5.13006e+18,8.37382e+20,3.02384e+21,2.51988e+17,1.27239e+19,1.83017e+15,1.50528e+17,5.68517e+12,5.61231e+17,2.63082e+17,2.40926e+15,8.77264e+18,6.28304e+19,1.76715e+15,2.82964e+19,1.95074e+15,1.58804e+16,1.03506e+21,7.27972e+18,2.38746e+19,1.00535e+14,4.16136e+19,2.30903e+20,9.34584e+17,9.34584e+17,2.30903e+20,4.16136e+19,1.00535e+14,2.38746e+19,7.27972e+18,1.03506e+21,1.58804e+16,1.95074e+15,2.82964e+19,1.76715e+15,6.28304e+19,8.77264e+18,2.40926e+15,2.63082e+17,5.61231e+17,5.68517e+12,1.50528e+17,1.83017e+15,1.27239e+19,2.51988e+17,3.02384e+21,8.37382e+20,5.13006e+18,5.08643e+14,1.73764e+20,7.51868e+17,1.72967e+22,5.96298e+19,1.80392e+20,1.80864e+15,9.44158e+20,4.7138e+21,1.16165e+18,3.16214e+22,1.64313e+23,5.21241e+23,1.31268e+14,1.0226e+21,1.7921e+19,1.11848e+20,2.61693e+20,3.18772e+21,1.55067e+22,2.31409e+19,1.21768e+21,1.17938e+21,5.3404e+19,1.03902e+22,1.66214e+23,2.99227e+23,6.08017e+29,2.08604e+24,6.60081e+25,1.98411e+22,7.42833e+24,1.95664e+25,2.29141e+23,3.50779e+26,0,0,0,0,0,1.26054e+16,-3.01691e+18,4.27367e-321,0,1.63256e+16,5.51934e-315,0,0,0,1.14349e+14,3.51844e+14,3.51844e+14,5.56078e-315,0,0,1.54811e+15,4.05324e+16,1.39612e+17,1.39612e+17,5.57859e-315,0,0,4.92581e+14,6.07986e+16,1.39612e+17,1.19627e+15,5.42933e-315,0,0,2.74878e+12,1.39612e+17,1.39612e+17,4.72878e+16,0,0,2.02662e+16,3.03993e+16,3.03993e+16,2.02662e+16,5.56402e-315,0,0,1.40737e+14,1.61848e+15,2.39254e+15,3.51844e+14,0,0,0,3.51844e+14,5.6295e+15,6.98058e+16,5.6295e+15,5.56111e-315,0,0,6.98058e+16,1.39612e+17,1.39612e+17,1.06961e+16,5.46559e-315,0,0,4.29497e+10,3.51844e+13,3.51844e+13,1.39612e+17,5.54459e-315,0,1.09951e+12,1.39612e+17,1.34218e+08,1.39612e+17,5.5624e-315,0,0,0,0,0,0,0,0,0,0,0,0,0,0,0,0,0,0,0,0,0,0,0,3.82806e+16,1.39612e+17,1.39612e+17,1.39612e+17,0,0,0,0,1.28849e+10,2.63883e+13,3.51844e+15,1.54811e+15,9.90792e+16,2.42092e-322,6.91058e-310,6.91058e-310
1.87358e+26,5.53765e+20,3.7949e+27,2.19455e+23,3.90321e+22,2.78122e+25,1.35749e+27,2.37242e+29,6.85401e+25,6.08546e+22,8.26809e+21,1.24342e+23,1.18987e+22,8.5591e+21,7.36803e+20,8.62839e+21,2.1854e+19,4.44026e+20,8.81737e+18,6.12509e+21,1.09979e+22,8.38032e+18,7.08375e+19,8.78937e+23,5.72088e+18,5.93387e+17,2.00262e+21,7.0448e+19,8.20373e+18,7.5696e+19,1.08937e+17,3.80282e+19,5.08058e+20,1.91207e+19,8.29073e+20,9.51752e+13,6.12386e+18,2.75988e+17,1.25738e+19,3.3194e+18,2.71057e+20,7.14465e+18,4.66299e+20,1.4285e+17,2.11347e+18,9.40306e+15,8.36691e+19,5.86956e+17,2.99317e+19,7.02567e+13,3.31996e+19,5.29771e+16,1.03684e+18,2.58597e+20,5.16007e+19,1.3358e+13,2.5498e+17,1.41713e+16,5.61413e+15,1.99642e+18,1.16233e+20,3.84829e+12,1.16233e+20,1.99642e+18,5.61413e+15,1.41713e+16,2.5498e+17,1.3358e+13,5.16007e+19,2.58597e+20,1.03684e+18,5.29771e+16,3.31996e+19,7.02567e+13,2.99317e+19,5.86956e+17,8.36691e+19,9.40306e+15,2.11347e+18,1.4285e+17,4.66299e+20,7.14465e+18,2.71057e+20,3.3194e+18,1.25738e+19,2.75988e+17,6.12386e+18,9.51752e+13,8.29073e+20,1.91207e+19,5.08058e+20,3.80282e+19,1.08937e+17,7.5696e+19,8.20373e+18,7.0448e+19,2.00262e+21,5.93387e+17,5.72088e+18,8.78937e+23,7.08375e+19,8.38032e+18,1.09979e+22,6.12509e+21,8.81737e+18,4.44026e+20,2.1854e+19,8.62839e+21,7.36803e+20,8.5591e+21,1.18987e+22,1.24342e+23,8.26809e+21,6.08546e+22,6.85401e+25,2.37242e+29,1.35749e+27,2.78122e+25,3.90321e+22,2.19455e+23,3.7949e+27,5.53765e+20,1.87358e+26,0,5.29638e-321,5.30132e-321,0,4.66486e-310,-1.19741e+26,-2.24884e+13,3.4081e+26,1.24465e+21,5.73641e+13,9.98415e+24,7.17442e+24,-1.27553e+29,4.37301e+21,-2.09456e+22,-6.54738e+21,2.2162e+18,-3.49298e+16,-2.72389e+20,-5.27337e+20,-6.02158e+21,-1.82163e+19,-4.2539e+20,-4.52888e+18,-6.19604e+19,3.19474e+20,-6.63284e+18,-7.0145e+19,8.4145e+23,-4.4489e+16,-5.46798e+16,-1.1678e+21,-7.39683e+17,8.09768e+18,-6.92287e+19,-3.31228e+16,1.3111e+15,-1.92e+20,1.79496e+13,-2.19036e+17,-3.3289e+09,5.5971e+10,-4.60156e+14,4.50828e+18,2.33969e+07,-1.56711e+18,4.85373e+17,1.10251e+20,-4.36251e+15,-1.68569e+18,-1.12102e+15,-2.69711e+17,-3.45174e+17,1.75146e+16,-1.35559e+13,1.0745e+18,-2.77221e+16,-4.75459e+17,2.3479e+20,-1.77371e+19,-28854,4.27095e+16,-5.82044e+15,-4.46308e+12,-4.52961e+17,1.31169e+15,5.63773e-315,-1.31169e+15,4.52961e+17,4.46308e+12,5.82044e+15,-4.27095e+16,28854,1.77371e+19,-2.3479e+20,4.75459e+17,2.77221e+16,-1.0745e+18,1.35559e+13,-1.75146e+16,3.45174e+17,2.69711e+17,1.12102e+15,1.6857e+18,4.36251e+15,-1.10251e+20,-4.85373e+17,1.56711e+18,-2.33969e+07,-4.50828e+18,4.60157e+14,-5.5971e+10,3.3289e+09,2.19036e+17,-1.79496e+13,1.92e+20,-1.3111e+15,3.31228e+16,6.92287e+19,-8.09768e+18,7.39683e+17,1.1678e+21,5.46798e+16,4.4489e+16,-8.4145e+23,7.0145e+19,6.63284e+18,-3.19474e+20,6.19604e+19,4.52888e+18,4.2539e+20,1.82163e+19,6.02158e+21,5.27336e+20,2.72389e+20,3.49298e+16,-2.2162e+18,6.54738e+21,2.09456e+22,-4.37301e+21,1.27553e+29,-7.17442e+24,-9.98415e+24
7.11551e+26,2.74271e+26,1.70418e+26,1.37746e+16,1.0637e+25,2.28265e+25,1.16764e+26,1.39158e+30,2.71163e+25,3.89328e+23,1.12871e+22,1.82405e+20,2.88391e+22,7.34901e+17,4.60284e+22,3.41185e+21,3.81019e+19,6.62389e+22,3.08211e+13,7.24575e+12,3.17894e+14,1.37123e+11,6.68173e+19,1.70195e+23,6.2276e+22,7.15753e+20,4.55336e+18,7.67874e+16,2.02371e+21,1.90923e+22,1.21389e+22,3.731e+20,2.61263e+16,2.80477e+16,5.97893e+14,1.79545e+11,1.54473e+17,3.67458e+17,3.82705e+16,5.32857e+21,1.79799e+20,5.48397e+17,4.28495e+18,2.96862e+16,4.60892e+17,6.02575e+16,2.97058e+18,2.89458e+15,2.42182e+17,4.42887e+18,2.98084e+18,3.24807e+20,9.74358e+18,7.44069e+16,4.41434e+19,5.91843e+18,4.72332e+19,1.00866e+18,8.43054e+19,2.6663e+16,3.2476e+15,1.36914e+18,3.35197e+13,2.74811e+11,3.35197e+13,1.36914e+18,3.2476e+15,2.6663e+16,8.43054e+19,1.00866e+18,4.72332e+19,5.91843e+18,4.41434e+19,7.44069e+16,9.74358e+18,3.24807e+20,2.98084e+18,4.42887e+18,2.42182e+17,2.89458e+15,2.97058e+18,6.02575e+16,4.60892e+17,2.96862e+16,4.28495e+18,5.48397e+17,1.79799e+20,5.32857e+21,3.82705e+16,3.67458e+17,1.54473e+17,1.79545e+11,5.97893e+14,2.80477e+16,2.61263e+16,3.731e+20,1.21389e+22,1.90923e+22,2.02371e+21,7.67874e+16,4.55336e+18,7.15753e+20,6.2276e+22,1.70195e+23,6.68173e+19,1.37123e+11,3.17894e+14,7.24575e+12,3.08211e+13,6.62389e+22,3.81019e+19,3.41185e+21,4.60284e+22,7.34901e+17,2.88391e+22,1.82405e+20,1.12871e+22,3.89328e+23,2.71163e+25,1.39158e+30,1.16764e+26,2.28265e+25,1.0637e+25,1.37746e+16,1.70418e+26,2.74271e+26,7.11551e+26,4.52962e+17,-4.25219e+10,9.9653e-321,6.91058e-310,6.91058e-310,0,0,2.76808e+14,28854,-4.06492e+19,1.77371e+19,2.72589e+14,-2.3479e+20,-1.28886e+14,4.75459e+17,-9.5973e+15,2.77221e+16,3.1444e+13,-1.0745e+18,-1.18781e+11,1.35559e+13,-8.30147e+18,-1.75146e+16,2.4433e+12,3.45174e+17,-4.271e+17,2.69711e+17,-5.54917e+19,1.12102e+15,-3.72576e+17,1.6857e+18,-1.4197e+18,4.36251e+15,1.01318e+08,-1.10251e+20,2.28427e+17,-4.85373e+17,-1.98458e+12,1.56711e+18,-1.9464e+18,-2.33969e+07,-8.60125e+16,-4.50828e+18,-6.20071e+14,4.60156e+14,-0.00165796,-5.5971e+10,6.99917e+18,3.3289e+09,-6.04162e+19,2.19036e+17,1.26309e+20,-1.79496e+13,4.626e+10,1.92e+20,6.90056e+20,-1.3111e+15,1.37453e+18,3.31228e+16,6.54775e+19,6.92287e+19,6.32112e+19,-8.09768e+18,1.78854e+21,7.39684e+17,-1.45423e+19,1.1678e+21,5.07127e+20,5.46798e+16,4.74322e+13,4.4489e+16,2.00147e+23,-8.4145e+23,1.75727e+21,7.0145e+19,1.36886e+21,6.63284e+18,-1.70743e+20,-3.19474e+20,5.4524e+20,6.19604e+19,-5.89823e+17,4.52888e+18,2.83574e+21,4.2539e+20,1.39271e+21,1.82163e+19,6.99493e+19,6.02158e+21,6.00536e+21,5.27337e+20,1.02209e+21,2.72389e+20,-1.52194e+18,3.49298e+16,9.06984e+21,-2.2162e+18,-6.03198e+16,6.54738e+21,-1.5003e+17,2.09456e+22,-1.6616e+20,-4.37301e+21,-6.55339e+21,1.27553e+29,-4.94934e+18,-7.17442e+24,1.54545e+19,-9.98415e+24,-2.7783e+25,-5.73641e+13,-1.00774e+18,-1.24465e+21,-5.33653e+25,-3.4081e+26,2.99657e+24,2.24884e+13,2.21395e+18,1.19741e+26,4.66398e-321,5.29638e-321,6.91058e-310,6.91058e-310,0,0,0,5.22749e-312
1.13706e+25,1.03908e+24,1.90647e+25,1.40559e+25,1.86738e+25,7.3975e+24,8.62112e+26,8.50358e+29,1.63595e+23,6.87023e+22,1.3661e+21,1.59231e+21,1.07728e+23,1.10985e+21,1.69108e+19,2.84715e+23,2.18786e+21,4.35605e+15,1.52188e+16,3.34137e+22,2.78308e+22,3.76518e+19,7.86014e+18,1.04117e+22,2.24937e+22,2.82236e+14,1.31283e+20,7.97523e+21,2.01083e+22,9.43289e+17,2.63941e+20,1.36691e+19,3.09463e+19,1.4323e+20,2.99217e+19,1.10343e+20,2.26575e+15,2.77519e+15,6.1581e+16,2.09244e+22,1.09117e+18,4.21704e+19,1.92099e+20,1.45463e+22,2.80114e+16,4.39025e+18,5.66796e+19,1.47788e+17,2.07999e+19,5.1544e+16,3.99635e+13,1.79921e+20,2.71708e+17,1.62117e+19,1.57321e+14,1.13147e+18,2.83376e+20,1.21748e+17,1.05518e+19,1.56433e+19,3.35021e+20,1.0544e+20,3.76534e+16,1.00621e+21,1.19786e+17,2.32883e+19,1.06854e+22,7.6289e+17,1.33466e+20,2.72665e+17,9.98283e+16,3.43313e+17,2.06813e+17,4.25058e+19,4.06156e+13,3.04127e+20,2.65302e+16,4.12413e+21,2.11903e+19,3.0221e+20,2.03799e+15,4.77959e+19,1.92912e+22,9.07891e+17,1.92222e+13,1.81599e+13,5.18542e+17,3.39423e+21,2.68308e+20,2.18957e+19,4.88883e+20,1.37236e+17,1.63118e+21,2.64764e+15,9.93071e+17,4.01379e+20,1.15123e+17,4.15012e+15,5.10808e+20,5.38758e+16,4.17592e+21,2.16733e+18,8.68516e+18,3.45096e+18,2.22897e+20,2.46707e+23,5.95137e+22,5.14125e+22,7.22681e+19,2.63819e+22,1.08776e+18,6.86964e+19,7.05598e+16,1.13442e+23,2.44884e+24,2.69799e+23,2.7304e+21,1.36224e+23,1.07801e+22,3.29893e+22,1.42254e+20,2.67943e+29,1.307e+26,4.58863e+22,6.79976e+24,3.84686e+24,2.8274e+24,4.5254e+23,4.56939e+22,-1.60617e+18,5.53354e-321,5.53848e-321,-2.28858e+13,1.42621e+17,-1.00995e+18,4.66486e-310,-3.81473e+22,6.77029e+21,-1.24847e+25,-5.19796e+20,3.36755e+23,5.67262e+24,-3.34281e+23,-1.23782e+29,-5.22484e+20,-3.13873e+22,-6.41902e+20,-5.56772e+17,-1.07338e+23,-2.09391e+20,4.4115e+18,-1.3214e+23,-3.06052e+20,5.46712e+12,1.14398e+15,-2.5358e+16,-1.01656e+20,-1.74377e+19,-5.57782e+10,5.69407e+21,2.15991e+22,-4.66401e+13,-2.72532e+19,1.00541e+19,-3.05078e+17,346180,-2.32449e+14,-2.52035e+17,1.55154e+17,-1.7054e+16,-2.63594e+19,-3.34232e+18,-1.47957e+10,1.49818e+15,1.37253e+15,-9.71348e+14,2.34267e+14,-443862,-1.79124e+20,5.6833e+18,8.35111e+15,2294.69,-1.81951e+12,7.17403e+15,-1.5989e+18,1.43826e+13,-4.60224e+06,1.5135e+20,-6.08018e+15,3.88127e+14,-4.37805e+12,-3.93112e+15,-2.04936e+17,9.1858e+14,-1.2632e+17,218.844,-5.27678e+17,-8.07817e+15,-7.0397e+13,-1.13021e+13,1.79419e+16,-2.98815e+18,1.46626e+21,3.91233e+16,-741360,-1.79135e+14,1.1174e+15,-0.0657692,1.90787e+17,6.94538e+18,4.01438e+10,-2.88751e+18,1.62369e+16,-5.56665e+18,4.69282e+15,-7.03543e+19,1.17258e+15,5.58538e+17,-4.44474e+19,-7.66636e+11,-2.95117e+06,-1.55748e+13,1.65572e+14,3.37388e+21,-2.82411e+17,2.67661e+17,4.31385e+20,-1.67822e+15,3.00289e+20,-2.18786e+15,7.48487e+15,3.99425e+20,8.80554e+14,-3.19763e+15,1.75381e+15,-4.50896e+16,6.3219e+19,9.45584e+16,-2.24277e+13,2.82945e+16,-2.14547e+20,1.74496e+21,3.04126e+22,-3.52162e+22,7.17745e+19,1.16249e+15,-1.08039e+18,-2.14775e+12,2.26145e+16,9.57238e+22,-6.2232e+16,1.65963e+22,1.78209e+20,1.34764e+23,-6.12368e+19,8.0757e+21,-3.54904e+16,-8.23623e+27,1.26448e+26
2.32758e+26,6.18238e+18,9.34568e+22,2.6888e+24,7.95652e+23,1.38697e+23,1.74037e+27,6.21051e+28,1.35473e+26,2.09397e+23,9.9778e+21,1.5246e+25,1.66261e+24,1.17067e+21,1.4148e+22,1.91838e+19,5.53377e+19,2.09295e+18,8.89639e+19,6.54506e+22,3.7087e+18,3.46874e+22,1.62609e+20,1.24293e+23,5.60746e+22,8.39967e+18,1.9474e+21,9.81972e+17,1.71716e+21,1.82096e+19,6.71325e+19,5.60657e+19,3.04916e+17,1.08012e+18,4.76922e+11,1.13917e+20,2.33615e+17,2.01693e+18,9.90541e+18,3.5027e+18,1.25283e+12,6.21682e+20,6.71979e+16,3.23468e+19,4.96771e+20,3.89689e+16,4.23373e+15,6.05802e+17,2.20318e+17,2.05668e+15,2.93355e+19,3.47508e+16,2.67077e+20,9.46346e+14,3.58653e+20,9.56825e+19,9.04107e+18,3.61311e+19,6.26459e+18,4.56559e+19,1.37417e+20,1.35038e+19,2.47008e+18,1.03497e+18,9.42929e+19,7.65656e+16,9.42929e+19,1.03497e+18,2.47008e+18,1.35038e+19,1.37417e+20,4.56559e+19,6.26459e+18,3.61311e+19,9.04107e+18,9.56825e+19,3.58653e+20,9.46346e+14,2.67077e+20,3.47508e+16,2.93355e+19,2.05668e+15,2.20318e+17,6.05802e+17,4.23373e+15,3.89689e+16,4.96771e+20,3.23468e+19,6.71979e+16,6.21682e+20,1.25283e+12,3.5027e+18,9.90541e+18,2.01693e+18,2.33615e+17,1.13917e+20,4.76922e+11,1.08012e+18,3.04916e+17,5.60657e+19,6.71325e+19,1.82096e+19,1.71716e+21,9.81972e+17,1.9474e+21,8.39967e+18,5.60746e+22,1.24293e+23,1.62609e+20,3.46874e+22,3.7087e+18,6.54506e+22,8.89639e+19,2.09295e+18,5.53377e+19,1.91838e+19,1.4148e+22,1.17067e+21,1.66261e+24,1.5246e+25,9.9778e+21,2.09397e+23,1.35473e+26,6.21051e+28,1.74037e+27,1.38697e+23,7.95652e+23,2.6888e+24,9.34568e+22,6.18238e+18,2.32758e+26,9.2738e+12,-1.01345e+21,4.66486e-310,5.09876e-321,4.11463e-319,5.61259e-321,5.61753e-321,-1.8087e+11,6.52982e+09,-4.11724e+14,-9.45061e+15,4.66486e-310,4.66486e-310,-1.18359e+22,-1.47223e+18,3.57805e+22,-1.47608e+24,-1.16786e+21,-1.0571e+15,-1.0347e+27,-1.90663e+20,3.50692e+25,-2.08359e+23,5.38023e+19,-4.372e+24,-2.3751e+23,3.20296e+17,-1.28834e+17,-1.09252e+19,1.16526e+17,-4.10514e+16,7.35116e+18,-2.59379e+22,-2.41645e+18,7.6268e+20,-7.38545e+18,-2.40325e+21,-1.51974e+22,1.21626e+16,-1.88028e+17,-5.26758e+17,4.58331e+20,3.74304e+10,-6.39519e+19,4.11964e+15,-3.67956e+16,-1.52801e+14,1.19696e+06,-6.42904e+19,2.29197e+17,-5.0919e+17,-9.16526e+18,3.32166e+15,4.91061e+10,2.55747e+20,-4.73205e+10,-1.31136e+14,-1.45105e+19,5.05865e+12,-6.29814e+12,-2.71354e+17,4.66767e-07,1.2811e+15,-1.23346e+18,1.21427e+15,-1.35402e+20,3.09837e+07,5.57021e+18,-2.26488e+18,74500,-3.60409e+19,-4.59811e+16,3.43256e+15,1.36584e+20,4.3672e+18,-1.4272e+12,-746400,9.56974e+17,5.65787e-315,-9.56974e+17,746400,1.4272e+12,-4.3672e+18,-1.36584e+20,-3.43257e+15,4.59811e+16,3.60409e+19,-74500,2.26488e+18,-5.57021e+18,-3.09837e+07,1.35402e+20,-1.21427e+15,1.23346e+18,-1.2811e+15,-4.66767e-07,2.71354e+17,6.29814e+12,-5.05865e+12,1.45105e+19,1.31136e+14,4.73205e+10,-2.55747e+20,-4.91061e+10,-3.32166e+15,9.16526e+18,5.0919e+17,-2.29197e+17,6.42904e+19,-1.19696e+06,1.52801e+14,3.67955e+16,-4.11964e+15,6.39519e+19,-3.74304e+10,-4.58331e+20,5.26758e+17,1.88028e+17,-1.21626e+16,1.51974e+22,2.40325e+21,7.38545e+18,-7.6268e+20,2.41645e+18,2.59379e+22,-7.35116e+18,4.10514e+16,-1.16526e+17,1.09252e+19,1.28834e+17,-3.20296e+17
4.36442e+26,7.14443e+24,4.75263e+23,4.29346e+22,6.39338e+21,1.10879e+26,1.97886e+27,1.27943e+28,5.92272e+24,4.3542e+24,7.21129e+22,2.01528e+21,7.49936e+18,3.58444e+21,2.33189e+23,3.33514e+20,3.81101e+22,3.96575e+22,6.07308e+22,8.03858e+17,1.29462e+20,4.31768e+20,1.11926e+22,2.16003e+22,4.55892e+21,7.52712e+19,4.17205e+20,6.55646e+18,8.38853e+19,2.00195e+18,3.25567e+21,2.5443e+16,1.68053e+20,1.55716e+19,2.5061e+19,8.87503e+18,4.57118e+15,3.86419e+12,1.33927e+16,1.88606e+18,7.89913e+17,9.13408e+18,3.77545e+18,2.09065e+15,1.28392e+13,3.76842e+18,1.42604e+19,2.73792e+15,1.43608e+18,1.12516e+14,5.74863e+17,5.1799e+18,2.44153e+17,4.00544e+15,3.71578e+18,5.0906e+14,1.67992e+18,3.06137e+19,4.61029e+18,9.03368e+17,3.58438e+18,3.63386e+16,2.30264e+18,1.35553e+15,4.21197e+15,32768,4.21197e+15,1.35553e+15,2.30264e+18,3.63386e+16,3.58438e+18,9.03368e+17,4.61029e+18,3.06137e+19,1.67992e+18,5.0906e+14,3.71578e+18,4.00544e+15,2.44153e+17,5.1799e+18,5.74863e+17,1.12516e+14,1.43608e+18,2.73792e+15,1.42604e+19,3.76842e+18,1.28392e+13,2.09065e+15,3.77545e+18,9.13408e+18,7.89913e+17,1.88606e+18,1.33927e+16,3.86419e+12,4.57118e+15,8.87503e+18,2.5061e+19,1.55716e+19,1.68053e+20,2.5443e+16,3.25567e+21,2.00195e+18,8.38853e+19,6.55646e+18,4.17205e+20,7.52712e+19,4.55892e+21,2.16003e+22,1.11926e+22,4.31768e+20,1.29462e+20,8.03858e+17,6.07308e+22,3.96575e+22,3.81101e+22,3.33514e+20,2.33189e+23,3.58444e+21,7.49936e+18,2.01528e+21,7.21129e+22,4.3542e+24,5.92272e+24,1.27943e+28,1.97886e+27,1.10879e+26,6.39338e+21,4.29346e+22,4.75263e+23,7.14443e+24,4.36442e+26,0,0,5.22227e-321,1.63256e+16,9.57015e+15,9.57015e+15,1.29479e+16,2.63883e+14,0,0,0,0,0,8.09241e+14,1.33701e+15,2.2518e+15,2.2518e+15,1.82959e+15,2.2518e+15,5.55981e-315,0,0,0,0,1.23145e+14,2.58957e+16,1.51997e+16,5.85468e+16,5.85468e+16,6.7554e+15,5.50833e-315,0,0,0,2.11106e+15,1.1259e+16,2.58957e+16,2.58957e+16,3.3777e+15,5.51804e-315,0,0,0,1.1259e+16,2.58957e+16,1.1259e+16,1.1259e+16,3.3777e+15,5.51804e-315,0,0,0,5.40432e+16,5.40432e+16,1.68885e+16,5.34803e+15,2.19902e+13,5.26354e-315,0,0,7.65612e+16,7.65612e+16,1.39612e+17,5.40432e+16,7.8813e+15,5.5174e-315,0,0,1.37439e+12,5.17914e+16,7.20576e+16,5.17914e+16,2.95549e+15,5.51804e-315,0,0,0,3.60288e+16,9.0072e+16,5.85468e+16,1.57626e+16,5.53747e-315,0,0,2.67401e+15,5.85468e+16,5.85468e+16,1.39612e+17,2.2518e+16,2.19902e+13,0,0,5.27766e+13,1.39612e+17,1.39612e+17,1.39612e+17,1.39612e+17,1.97033e+15,5.47595e-315,0,0,1.97033e+15,1.97033e+15,4.02653e+08,0,0,0,0,0,2048,5.43451e-315,6.87195e+10,1.31941e+13,5.43451e-315,0,0,0,0,0,1.39612e+17,1.39612e+17,1.39612e+17,0,0,0,8.38861e+06,1.40738e+15,1.40738e+15,6.59707e+13,8.38861e+06,0
7.4437e+21,1.73634e+25,8.64662e+22,6.31073e+24,6.92855e+23,1.31343e+26,1.15927e+27,6.34756e+26,7.92057e+27,9.41822e+21,3.7929e+22,1.11192e+22,1.15246e+16,1.28324e+20,7.88662e+18,3.68722e+23,5.16614e+20,3.89601e+22,3.29113e+15,1.46665e+18,3.6233e+15,1.39311e+22,2.66243e+22,7.52363e+21,5.05536e+23,1.0452e+20,2.6593e+15,3.84693e+21,2.24004e+22,1.50843e+22,4.27339e+17,5.03012e+19,4.30852e+20,4.23294e+20,4.47254e+19,9.31198e+19,1.27089e+20,1.8908e+18,8.66757e+14,1.52237e+19,1.65639e+17,9.85337e+17,2.53718e+19,2.1506e+19,6.18033e+13,5.95453e+16,1.6155e+16,4.18432e+21,3.9666e+15,1.41147e+20,1.721e+16,9.79384e+19,5.99633e+17,1.22747e+17,1.37215e+20,1.04549e+17,8.01756e+10,4.78047e+17,7.59231e+14,4.13084e+19,1.83661e+19,3.06441e+21,6.53059e+19,1.04378e+19,4.68104e+17,4.68104e+17,1.04378e+19,6.53059e+19,3.06441e+21,1.83661e+19,4.13084e+19,7.59231e+14,4.78047e+17,8.01756e+10,1.04549e+17,1.37215e+20,1.22747e+17,5.99633e+17,9.79384e+19,1.721e+16,1.41147e+20,3.9666e+15,4.18432e+21,1.6155e+16,5.95453e+16,6.18033e+13,2.1506e+19,2.53718e+19,9.85337e+17,1.65639e+17,1.52237e+19,8.66757e+14,1.8908e+18,1.27089e+20,9.31198e+19,4.47254e+19,4.23294e+20,4.30852e+20,5.03012e+19,4.27339e+17,1.50843e+22,2.24004e+22,3.84693e+21,2.6593e+15,1.0452e+20,5.05536e+23,7.52363e+21,2.66243e+22,1.39311e+22,3.6233e+15,1.46665e+18,3.29113e+15,3.89601e+22,5.16614e+20,3.68722e+23,7.88662e+18,1.28324e+20,1.15246e+16,1.11192e+22,3.7929e+22,9.41822e+21,7.92057e+27,6.34756e+26,1.15927e+27,1.31343e+26,6.92855e+23,6.31073e+24,8.64662e+22,1.73634e+25,7.4437e+21,6.91058e-310,6.91058e-310,0,0,0,4.66486e-310,5.53354e-321,5.53848e-321,9.34568e+22,2.6888e+24,7.95652e+23,1.38697e+23,1.74037e+27,4.66486e-310,-1.62899e+21,1.25782e+25,-3.63418e+21,-5.62304e+19,-4.70658e+15,-2.77222e+23,-3.79936e+23,5.33562e+23,-6.97169e+25,-2.83428e+15,-1.15e+20,-7.75578e+21,-1.14544e+15,5.1181e+15,-8.52733e+16,-2.77801e+20,7.85801e+08,6.20364e+10,-3.06447e+15,-4.8555e+12,-3.6142e+13,2.05837e+20,5.60001e+21,-1.80258e+20,-1.74494e+20,4.96496e+18,4.42481e+13,8.08853e+18,-3.32258e+16,1.03644e+22,8.23929e+13,-1.45125e+19,2.09831e+20,1.33628e+20,8.09071e+17,7.48496e+19,1.98101e+16,-1.86391e+18,-1.37295e+12,1.99256e+18,-4.75544e+16,128241,-1.76737e+19,-817.313,1.60498e+13,2.15391e+10,3.18081e+09,4.07058e+21,-3.18531e+12,5.15034e+18,-3852.06,-3.22412e+07,1.82444e+14,2.81664e+13,4.28902e+12,-6.95597e+16,7.13347e+10,-1.12705e+11,3.59858e+12,1.74063e+16,9.83272e+14,2.74826e+20,-3.22508e+17,5.24873e+15,-8.65949e+12,8.65949e+12,-5.24873e+15,3.22508e+17,-2.74826e+20,-9.83272e+14,-1.74063e+16,-3.59858e+12,1.12705e+11,-7.13346e+10,6.95597e+16,-4.28902e+12,-2.81664e+13,-1.82444e+14,3.22412e+07,3852.06,-5.15034e+18,3.18532e+12,-4.07058e+21,-3.18081e+09,-2.15391e+10,-1.60498e+13,817.313,1.76737e+19,-128241,4.75544e+16,-1.99256e+18,1.37295e+12,1.86391e+18,-1.98101e+16,-7.48496e+19,-8.09071e+17,-1.33628e+20,-2.09832e+20,1.45125e+19,-8.2393e+13,-1.03644e+22,3.32258e+16,-8.08853e+18,-4.42481e+13,-4.96496e+18,1.74494e+20,1.80258e+20,-5.60001e+21,-2.05837e+20,3.6142e+13,4.8555e+12,3.06447e+15,-6.20364e+10,-7.85801e+08,2.77801e+20,8.52733e+16
3.03673e+24,1.10994e+24,6.02323e+24,2.11388e+24,4.4956e+18,9.10197e+26,2.67261e+27,2.15155e+28,8.10572e+28,3.18593e+25,8.83631e+23,2.82404e+24,1.98652e+23,6.13887e+21,4.42211e+20,3.58015e+22,4.60308e+18,6.86368e+18,3.06531e+22,1.41049e+20,1.02054e+19,2.90743e+20,2.50843e+20,1.33262e+22,8.66e+19,2.02886e+22,4.48531e+22,5.58191e+19,6.14566e+19,1.46391e+20,1.05005e+20,4.28602e+20,2.01165e+18,2.98162e+19,8.69939e+17,4.60352e+18,6.7338e+17,1.42202e+19,1.01664e+22,2.29696e+19,3.18242e+18,7.05617e+19,6.91081e+16,8.94761e+14,1.33089e+20,1.62513e+18,5.60391e+16,3.79116e+16,5.57645e+20,2.59764e+16,3.07533e+17,2.70611e+08,5.25539e+18,4.52671e+19,3.36439e+16,4.36497e+11,2.6302e+16,3.76544e+14,3.93611e+17,8.56354e+17,9.84366e+14,1.16573e+20,2.7692e+17,1.67958e+20,3.98804e+18,7.08795e+19,2.40292e+17,2.3531e+15,8.39008e+15,8.95793e+18,1.77848e+19,6.85874e+15,5.86082e+14,1.02952e+19,3.03338e+17,1.15924e+14,2.86335e+15,1.70817e+18,6.441e+18,5.88977e+19,1.59296e+20,1.02838e+19,1.15204e+20,1.32455e+19,4.25743e+18,1.44312e+20,5.32385e+17,8.47133e+17,5.08284e+16,1.64072e+16,6.4306e+16,2.11579e+18,3.82664e+17,1.27072e+20,1.89721e+21,2.75033e+20,2.21377e+16,4.63303e+19,1.3594e+22,6.85179e+19,3.45578e+21,4.65027e+21,4.21004e+20,2.30294e+23,1.37935e+21,4.07094e+21,2.43397e+22,2.83582e+20,1.78426e+22,2.85155e+20,4.42652e+19,1.60723e+24,4.58395e+21,3.47631e+15,2.94218e+22,1.18497e+18,1.07418e+20,8.82826e+21,2.83461e+26,3.61257e+28,1.03955e+27,1.63165e+27,5.63335e+23,1.31099e+24,6.65054e+22,1.14504e+26,1.67671e+20,6.59707e+13,5.41896e-315,7.65612e+16,5.92272e+24,5.93373e-321,6.91058e-310,6.91058e-310,0,0,4.75263e+23,7.14443e+24,4.36442e+26,0,3.95253e-322,5.53354e-321,6.91058e-310,4.66486e-310,7.4437e+21,1.73634e+25,8.64662e+22,6.31073e+24,6.92855e+23,1.31343e+26,1.15927e+27,6.34756e+26,7.92057e+27,9.41822e+21,3.7929e+22,1.11192e+22,1.15246e+16,1.28324e+20,7.88662e+18,3.68722e+23,5.16614e+20,3.89601e+22,3.29113e+15,1.46665e+18,3.6233e+15,1.39311e+22,2.66243e+22,7.52363e+21,5.05536e+23,1.0452e+20,2.6593e+15,3.84693e+21,2.24004e+22,1.50843e+22,4.27339e+17,5.03012e+19,4.30852e+20,4.23294e+20,4.47254e+19,9.31198e+19,1.27089e+20,1.8908e+18,8.66757e+14,1.52237e+19,1.65639e+17,9.85337e+17,2.53718e+19,2.1506e+19,6.18033e+13,5.95453e+16,1.6155e+16,4.18432e+21,3.9666e+15,1.41147e+20,1.721e+16,9.79384e+19,5.99633e+17,1.22747e+17,1.37215e+20,1.04549e+17,8.01756e+10,4.78047e+17,7.59231e+14,4.13084e+19,1.83661e+19,3.06441e+21,6.53059e+19,1.04378e+19,4.68104e+17,4.68104e+17,1.04378e+19,6.53059e+19,3.06441e+21,1.83661e+19,4.13084e+19,7.59231e+14,4.78047e+17,8.01756e+10,1.04549e+17,1.37215e+20,1.22747e+17,5.99633e+17,9.79384e+19,1.721e+16,1.41147e+20,3.9666e+15,4.18432e+21,1.6155e+16,5.95453e+16,6.18033e+13,2.1506e+19,2.53718e+19,9.85337e+17,1.65639e+17,1.52237e+19,8.66757e+14,1.8908e+18,1.27089e+20,9.31198e+19,4.47254e+19,4.23294e+20,4.30852e+20,5.03012e+19,4.27339e+17,1.50843e+22,2.24004e+22,3.84693e+21,2.6593e+15,1.0452e+20,5.05536e+23,7.52363e+21,2.66243e+22,1.39311e+22,3.6233e+15,1.46665e+18
1.53154e+22,9.4577e+23,3.95134e+24,7.41045e+25,7.88822e+24,4.71564e+26,1.35729e+25,1.82331e+28,1.64741e+28,1.43786e+26,3.77986e+20,7.14133e+22,3.5671e+22,1.29057e+21,6.28102e+18,4.29458e+22,7.5201e+14,1.82494e+21,2.94803e+20,1.84418e+20,3.61808e+19,2.84266e+20,2.34855e+21,5.19908e+23,3.85368e+18,2.00789e+15,1.38967e+18,1.19632e+22,1.37965e+16,2.81603e+20,4.57437e+14,2.11946e+18,1.20331e+20,3.04876e+17,1.71075e+14,3.49475e+18,7.20333e+19,5.7542e+17,4.64139e+20,2.81679e+16,1.81172e+18,2.12652e+19,5.18252e+18,1.6299e+19,5.14443e+14,2.95617e+16,1.46611e+17,4.13485e+15,3.95387e+17,5.5675e+18,2.49974e+17,1.32707e+18,3.76756e+18,6.99207e+13,249179,2.69497e+18,2.65435e+16,7.08949e+16,1.1984e+20,4.11381e+16,2.17e+14,8.56321e+12,8.56321e+12,2.17e+14,4.11381e+16,1.1984e+20,7.08949e+16,2.65435e+16,2.69497e+18,249179,6.99207e+13,3.76756e+18,1.32707e+18,2.49974e+17,5.5675e+18,3.95387e+17,4.13485e+15,1.46611e+17,2.95617e+16,5.14443e+14,1.6299e+19,5.18252e+18,2.12652e+19,1.81172e+18,2.81679e+16,4.64139e+20,5.7542e+17,7.20333e+19,3.49475e+18,1.71075e+14,3.04876e+17,1.20331e+20,2.11946e+18,4.57437e+14,2.81603e+20,1.37965e+16,1.19632e+22,1.38967e+18,2.00789e+15,3.85368e+18,5.19908e+23,2.34855e+21,2.84266e+20,3.61808e+19,1.84418e+20,2.94803e+20,1.82494e+21,7.5201e+14,4.29458e+22,6.28102e+18,1.29057e+21,3.5671e+22,7.14133e+22,3.77986e+20,1.43786e+26,1.64741e+28,1.82331e+28,1.35729e+25,4.71564e+26,7.88822e+24,7.41045e+25,3.95134e+24,9.4577e+23,1.53154e+22,1.28324e+20,1.15246e+16,1.11192e+22,3.7929e+22,5.29638e-321,5.30132e-321,6.34756e+26,1.15927e+27,1.31343e+26,6.92855e+23,6.31073e+24,4.66486e-310,-8.25988e+19,5.42683e+23,-3.89145e+24,-4.21887e+17,-1.41998e+24,-6.17164e+25,1.25437e+25,-3.40381e+25,5.7793e+26,-1.96592e+25,-1.84811e+20,-7.13434e+22,-9.09398e+19,-2.95069e+20,-6.27394e+18,-3.71676e+22,5.06585e+13,-1.63318e+18,-2.48379e+19,8.90654e+14,1.19795e+19,-2.13194e+20,2.23222e+08,-2.34906e+16,-2.91169e+17,1.8249e+07,-7.27994e+12,-1.35662e+10,8.88425e+14,7.57575e+18,6.08926e+09,-1.55592e+16,-1.58634e+18,-5.45249e+12,-1.1865e+14,-4.55308e+17,2.90389e+19,1.71387e+15,-2.14954e+20,2.17589e+15,-8.67039e+15,-1.81458e+19,-5.18213e+18,-1.44373e+18,2.29155e+14,-0.0127821,1.55818e+15,-5.89545e+10,-1.18312e+11,1.60376e+16,6.9662e+15,-1.15461e+18,-8.22208e+15,-5.80136e+12,247424,-2.229e+15,-6.15992e+11,6.6353e+16,1.04099e+14,3.40519e+16,-1.3724e+14,-6.49624e+12,6.49624e+12,1.3724e+14,-3.40519e+16,-1.04099e+14,-6.6353e+16,6.15992e+11,2.229e+15,-247424,5.80136e+12,8.22208e+15,1.15461e+18,-6.9662e+15,-1.60376e+16,1.18312e+11,5.89545e+10,-1.55818e+15,0.0127821,-2.29155e+14,1.44373e+18,5.18213e+18,1.81458e+19,8.67039e+15,-2.17589e+15,2.14953e+20,-1.71387e+15,-2.90389e+19,4.55308e+17,1.1865e+14,5.45249e+12,1.58634e+18,1.55592e+16,-6.08926e+09,-7.57575e+18,-8.88424e+14,1.35662e+10,7.27994e+12,-1.8249e+07,2.91169e+17,2.34906e+16,-2.23222e+08,2.13194e+20,-1.19795e+19,-8.90654e+14,2.48379e+19,1.63318e+18,-5.06585e+13,3.71676e+22,6.27394e+18,2.95069e+20,9.09398e+19
1.32305e+18,5.88571e+24,6.45841e+24,4.71231e+25,3.52521e+24,4.48285e+26,6.16224e+26,1.62945e+28,8.94932e+26,4.79689e+24,4.91934e+19,3.42544e+21,2.34594e+23,1.77006e+16,1.13247e+17,4.29737e+12,1.02449e+22,1.3471e+22,1.16865e+21,3.88071e+22,3.96019e+21,1.47313e+18,6.62238e+18,6.37617e+21,3.35518e+22,6.29502e+17,4.78466e+19,1.32939e+22,4.2547e+14,1.98422e+18,2.81363e+17,4.10123e+19,6.66761e+19,1.44168e+11,4.08702e+21,8.26411e+20,3.89191e+20,1.04275e+21,7.20383e+18,6.66858e+19,1.50884e+13,5.10992e+16,5.45802e+19,1.71999e+16,1.29099e+18,3.84074e+18,5.77337e+07,4.37451e+11,3.19703e+12,5.75878e+15,3.46442e+18,5.44388e+19,1.91617e+21,4.07758e+16,3.32933e+15,1.63728e+15,8.79574e+17,3.95102e+17,9.25387e+17,1.04677e+15,5.58791e+16,3.69571e+20,1.51167e+13,7.88665e+15,4.67786e+15,3.98107e+15,3.03436e+19,2.58117e+16,3.13367e+18,2.97882e+11,1.1938e+15,1.06363e+16,8.0442e+17,3.95355e+15,4.66721e+19,6.4408e+19,1.92297e+18,1.43749e+19,7.0096e+19,6.62059e+16,1.6508e+19,1.89518e+19,1.39953e+18,4.88039e+16,4.6473e+17,5.30102e+12,2.24233e+19,7.90113e+18,5.71013e+19,2.793e+20,8.13584e+18,1.59342e+18,1.9066e+17,2.09627e+20,4.97971e+18,4.0063e+20,3.6334e+22,1.33328e+20,2.12007e+20,4.01609e+22,1.80026e+22,7.35573e+18,1.1569e+20,1.76219e+20,7.61552e+18,1.17971e+19,4.67138e+20,1.11178e+20,4.22503e+24,1.75073e+25,2.22602e+28,7.83099e+27,4.34873e+26,7.73552e+24,7.36168e+18,8.31077e+22,1.23347e+26,3.07796e+22,4.78508e+15,1.39612e+17,1.39612e+17,1.39612e+17,3.29854e+13,0,0,1.29478e+16,6.04463e+25,5.14322e-321,0,0,1.19575e-316,5.22074e-318,1.18893e-316,1.04018e-317,1.17762e-316,4.66486e-310,3.05786e+16,-8.00028e+18,4.66204e+23,-1.03541e+23,-3.23996e+24,-9.79255e+13,-221321,9.53881e+27,-4.78785e+20,3.93971e+24,-4.57545e+13,9.7517e+18,-1.93877e+23,4.01322e+15,-9.94193e+16,-3.33024e+07,-2.54268e+20,1.61137e+21,2.35709e+17,9.52082e+10,-3.95808e+21,-6.37221e+14,1.09079e+18,1.40954e+19,-1.89068e+22,-3.98847e+16,-2.77224e+13,-1.26937e+22,-2.018e+14,4.51406e+17,1.97308e+17,2.301e+18,-6.108e+19,-5.84063e+10,-2.50082e+14,-8.26401e+20,-3.80677e+20,-3.27722e+15,-3.92666e+18,-6.56419e+18,7.99129e+12,-9.38232e+15,-1.62163e+19,1.10446e+16,1.10615e+18,1.35842e+17,-6477.47,3.29305e+11,-3.69288e+09,-3.41876e+12,-3.41528e+13,-4.8232e+19,3.00446e+14,1.41369e+16,2.47431e+15,3.3531e+13,5.08499e+17,-6.45961e+12,8.00326e+15,1.00128e+15,-2.69553e+12,-2.00565e+20,1.4975e+13,-1.18373e+14,-6.97235e+12,-2.90649e+15,9.07671e+16,-1.62564e+13,8.37737e+16,2.00167e+11,2.06005e+13,-1.9473e+15,-1.00836e+15,3.8046e+15,7.19041e+11,-7.88034e+18,2.13338e+07,7.24613e+18,-5.25338e+13,1.25782e+16,2.06005e+18,2.49652e+06,2.95356e+12,4.56081e+16,-6.26602e+14,-49903.6,-2.34792e+18,1.13715e+18,8.67199e+09,1.99853e+20,-5.36202e+15,5.47098e+15,1.12747e+17,4.82689e+16,9.9641e+07,1.19069e+20,1.77257e+18,-4.5492e+17,-2.28588e+19,-7.58087e+17,-1.78526e+22
1.12751e+23,2.6089e+24,3.8968e+24,2.76677e+24,3.02116e+24,2.84647e+26,8.73637e+26,1.08935e+28,1.3972e+27,7.65744e+23,2.82818e+23,2.29618e+21,3.64441e+13,6.74984e+19,3.2106e+23,9.13519e+19,1.57873e+17,3.75992e+17,8.17363e+19,1.48191e+18,1.54591e+18,8.16379e+20,3.66521e+20,9.79979e+19,3.48822e+20,1.90661e+18,1.34342e+17,2.19718e+15,1.89599e+16,8.2478e+17,5.62973e+21,4.20969e+17,1.88665e+17,6.84732e+17,2.58119e+19,3.7331e+17,1.12919e+20,8.89231e+14,1.6297e+20,7.09514e+14,8.9387e+18,1.46723e+20,1.58773e+13,1.63126e+20,1.51392e+17,1.51302e+19,9.08324e+19,1.07567e+14,5.76168e+14,5.2566e+14,4.43359e+18,2.25806e+18,1.56939e+15,2.84835e+16,1.03169e+18,4.90843e+13,9.33081e+18,8.09111e+19,5.79776e+18,1.37591e+18,3.06154e+16,1.27474e+17,6.16954e+14,1.25074e+19,1.67901e+16,5.98264e+17,7.75e+17,2.57427e+19,1.72965e+15,1.74962e+19,2.89629e+18,4.59385e+17,1.2072e+14,1.09173e+20,2.64951e+15,4.33489e+19,4.75777e+17,2.57588e+19,2.53246e+20,8.67308e+14,3.35244e+16,1.9496e+21,2.90119e+18,8.33841e+20,1.46941e+17,2.27413e+19,2.21358e+18,2.88829e+21,9.38041e+21,1.18859e+22,8.88092e+23,1.7851e+22,7.06122e+22,2.57923e+20,4.60411e+21,8.8567e+21,2.64187e+15,6.33585e+19,3.15994e+21,1.59134e+18,3.25125e+19,2.2308e+20,3.67998e+21,3.25616e+25,9.28481e+27,5.44277e+27,1.12179e+24,5.44401e+26,1.67976e+21,2.18367e+26,1.43684e+23,5.74401e+23,131072,8.7961e+12,1.02035e+15,3.16659e+14,2.19902e+13,1.35108e+17,1.39612e+17,1.39612e+17,0,4.82702e-321,4.66486e-310,1.63256e+16,8.79609e+13,0,0,4.66486e-310,7.20728e+27,6.56657e+26,2.68018e+23,8.7659e+23,5.70241e+25,6.14235e+25,8.36913e+26,5.4388e+27,1.36836e+25,3.65499e+22,3.91612e+21,5.05965e+21,5.11024e+21,2.81954e+21,1.07237e+20,5.12958e+18,2.26473e+22,6.99286e+18,2.30042e+20,4.58006e+19,3.04873e+19,1.81872e+18,4.01531e+20,5.2796e+21,1.23571e+20,9.6982e+19,2.31012e+20,1.81362e+20,2.41982e+17,1.28484e+22,2.95409e+17,3.05901e+21,4.80506e+18,6.02268e+19,1.01205e+15,9.51749e+17,1.182e+17,2.73905e+15,6.83929e+16,8.2006e+18,2.90028e+16,6.81083e+14,4.76005e+19,1.49788e+15,3.63149e+14,4.73993e+20,1.66194e+15,2.04931e+20,1.09421e+16,8.77267e+17,2.68457e+20,5.17288e+16,9.19281e+17,2.81936e+17,2.49115e+17,1.27797e+20,1.27797e+20,2.49115e+17,2.81936e+17,9.19281e+17,5.17288e+16,2.68457e+20,8.77267e+17,1.09421e+16,2.04931e+20,1.66194e+15,4.73993e+20,3.63149e+14,1.49788e+15,4.76005e+19,6.81083e+14,2.90028e+16,8.2006e+18,6.83929e+16,2.73905e+15,1.182e+17,9.51749e+17,1.01205e+15,6.02268e+19,4.80506e+18,3.05901e+21,2.95409e+17,1.28484e+22,2.41982e+17,1.81362e+20,2.31012e+20,9.6982e+19,1.23571e+20,5.2796e+21,4.01531e+20,1.81872e+18,3.04873e+19,4.58006e+19,2.30042e+20,6.99286e+18,2.26473e+22,5.12958e+18
2.95776e+24,1.32674e+21,9.5499e+24,6.04193e+26,8.78822e+24,5.60988e+23,1.22685e+27,6.09813e+27,7.20769e+25,3.79581e+24,4.62823e+22,3.19303e+19,2.05389e+17,2.50075e+14,4.79533e+13,1.33135e+19,7.89129e+20,4.34769e+17,5.5299e+18,2.00209e+22,5.1691e+20,3.37154e+22,1.75751e+21,1.90345e+21,8.91858e+20,1.08502e+20,8.99704e+17,6.09443e+16,5.40969e+07,5.72377e+18,1.43206e+16,2.96667e+19,1.44234e+19,3.29506e+18,3.97764e+19,5.72916e+17,1.94463e+17,1.93931e+21,6.91026e+13,1.43628e+15,7.0163e+17,1.40462e+20,2.19387e+20,5.73592e+16,1.92118e+18,4.99114e+19,1.82413e+18,3.67747e+16,1.52754e+17,7.00366e+17,9.14655e+17,7.10482e+17,2.25048e+19,2.57059e+20,1.84118e+16,2.03352e+17,7.11357e+16,7.17651e+14,7.0537e+17,9.45641e+17,1.03477e+12,1.89079e+15,2.92509e+16,3.65569e+19,2.4918e+16,3.39441e+15,1.3148e+19,5.53704e+20,5.56505e+19,3.4712e+17,2.1454e+19,1.04546e+20,2.41767e+20,3.2853e+16,3.06277e+18,1.66435e+13,6.3188e+19,2.32962e+20,1.4544e+19,4.43159e+14,1.17285e+22,2.69462e+22,3.74953e+22,1.45458e+20,9.63095e+17,4.6067e+20,6.5035e+19,1.72678e+16,3.94215e+18,1.37818e+20,6.81865e+19,3.16202e+21,2.93594e+19,1.25372e+19,4.16762e+21,1.38464e+20,3.56126e+24,6.22619e+28,5.16183e+26,6.1258e+25,2.79739e+22,2.52139e+25,2.85938e+25,1.82507e+22,9.3375e+23,5.7206e-315,0,4.81036e+11,6.04732e+12,8.09241e+14,1.14029e+13,4.66892e-321,0,4.66486e-310,4.66486e-310,0,0,4.55723e-312,4.24399e-314,4.66486e-310,-1.01066e+27,1.81668e+25,-7.27177e+10,-2.2855e+24,6.46387e+19,1.72475e+24,2.07426e+26,1.45372e+27,-1.80453e+22,-2.69878e+11,4.64854e+20,1.90166e+17,2.20328e+21,-1.45569e+22,-7.39362e+19,-3.15752e+22,6.06092e+18,9.37318e+17,-6.77837e+20,-1.60298e+13,1.30037e+13,-3.00529e+19,2.53975e+20,3.30218e+24,0.0132225,-5.86973e+20,4.33936e+15,6.49265e+20,5.63032e+19,-2.11904e+13,3.97051e+17,-1.76347e+20,5.20653e+12,1.11244e+12,5.91402e+16,-6.30062e+15,-1.17809e+16,4.19839e+08,-1.94938e+19,2.3373e+13,1.44319e+20,2.80954e+17,-7.12089e+14,-1.19482e+18,3.92154e+14,3.41627e+16,-2.73328e+13,-1.71753e+16,-5.49928e+14,-8.0001e+19,-1.6642e+15,1.82187e+14,5.94619e+19,1.61583e-314,-5.94619e+19,-1.82187e+14,1.6642e+15,8.00011e+19,5.49928e+14,1.71753e+16,2.73328e+13,-3.41627e+16,-3.92154e+14,1.19482e+18,7.12089e+14,-2.80954e+17,-1.44319e+20,-2.3373e+13,1.94938e+19,-4.19839e+08,1.17809e+16,6.30062e+15,-5.91402e+16,-1.11244e+12,-5.20654e+12,1.76347e+20,-3.97051e+17,2.11904e+13,-5.63032e+19,-6.49265e+20,-4.33936e+15,5.86973e+20,-0.0132225,-3.30218e+24,-2.53975e+20,3.00529e+19,-1.30037e+13,1.60298e+13,6.77838e+20,-9.37318e+17,-6.06092e+18
2.00115e+20,4.7447e+23,4.15517e+24,2.48487e+25,4.035e+23,4.05625e+24,2.20897e+27,1.89782e+28,2.86813e+26,9.61434e+20,1.26891e+19,6.40939e+19,1.71908e+17,1.50415e+18,4.1684e+21,2.16215e+22,5.31372e+19,1.25016e+20,8.21936e+21,8.95416e+18,2.6642e+21,2.83309e+21,4.43997e+18,5.60699e+20,3.97398e+21,1.97614e+13,9.61989e+20,9.36845e+21,4.29114e+17,4.88299e+20,1.07224e+18,1.5273e+19,5.24244e+17,2.9122e+17,3.586e+21,3.85231e+16,4.76477e+17,7.22834e+17,6.29144e+18,1.26242e+19,2.70281e+14,1.16432e+16,2.53037e+17,1.02015e+18,1.14637e+18,4.00393e+18,2.20927e+18,1.32364e+19,8.78265e+17,1.97784e+16,7.41493e+17,1.14497e+17,1.19503e+20,6.56999e+20,7.73385e+16,7.09447e+19,6.55775e+18,1.24229e+19,1.83193e+18,6.57915e+13,7.91297e+17,8.81234e+14,5.34537e+12,1.89784e+13,1.76089e+20,1.77375e+17,1.47155e+19,5.06421e+17,3.1851e+18,1.21703e+19,1.46593e+15,1.54243e+20,8.20788e+21,5.81917e+21,9.34429e+21,5.30775e+19,5.51301e+21,3.52975e+19,1.55733e+18,2.34096e+22,1.50688e+17,6.08588e+17,5.11404e+19,1.41237e+21,1.41836e+19,2.85216e+22,2.50498e+21,8.18394e+22,9.56883e+27,1.64534e+27,1.80814e+26,1.33307e+23,8.05521e+24,3.63591e+24,2.55377e+24,1.09564e+23,1.39612e+17,7.03688e+15,0,0,0,7.74056e+14,3.3777e+15,1.54811e+15,9.90792e+16,2.42092e-322,6.91058e-310,6.91058e-310,0,4.66486e-310,2.37152e-322,4.98018e-321,0,4.66486e-310,4.66486e-310,0,0,4.90181e-312,4.24399e-314,4.66486e-310,-7.05612e+19,-9.85002e+20,-3.55296e+24,4.09128e+22,1.52577e+10,-1.08971e+23,-2.93126e+25,1.38428e+26,5.30533e+23,-3.99233e+21,-2.0647e+18,-1.19485e+22,-1.5141e+18,-2.84209e+20,-3.13662e+12,1.10208e+21,-1.05253e+20,-7.88854e+14,-1.85482e+20,1.77456e+18,-5.55544e+20,3.1402e+17,-3.45143e+21,-1.80181e+22,-2.33439e+17,-1.97781e+21,2.77715e+16,-3.78737e+19,2.58731e+16,-5.85477e+10,-2.23073e+18,-5.28615e+20,-5.5043e+15,8.76034e+13,2.3927e+14,-5.7992e+16,-1.61799e+18,1.41155e+15,2.99408e+10,-3.26325e+15,-2.24179e+15,2.39228e+18,-3.06874e+16,-7.6955e+10,3.59951e+20,-6.70873e+19,-5.0284e+19,172980,7.78907e+18,-6.70836e+19,-8.66622e+16,5.34549e+16,3.08362e+06,3.01691e+18,-3.08915e+15,4.48747e+16,-1.01256e+06,-1.97653e+09,-5.69655e+14,6.40798e+13,5.97548e+19,1.26054e+16,3.78851e+17,-1.20729e+11,-2.51977e+14,5.68811e+17,1.45091e+19,-5.53936e+18,-4.94888e+19,-6.13927e+15,4.95894e+13,1.244e+16,1.23348e+17
